Purchase_ID,Buyer_ID,Product,Seller_ID,Purchase_Amount,Purchase_Date
101,335063,P-2610,B-659,291,4/30/21
145,106275,P-6802,B-1810,792,1/30/21
148,481283,P-4452,B-3078,837,7/21/21
155,354699,P-8454,B-3078,470,4/4/21
158,293010,P-5597,B-1487,746,12/8/21
160,270222,P-8398,B-3078,1798,11/9/21
172,215957,P-10744,B-2830,955,12/17/21
180,307676,P-4042,B-1045,21770,12/26/21
185,111300,P-360,B-88,199,6/30/21
206,290703,P-5086,B-1347,2470,2/16/21
210,429096,P-1786,B-2679,497,6/18/21
222,215957,P-7089,B-1880,489,4/14/21
225,215957,P-8775,B-2261,939,5/6/21
228,403926,P-9951,B-2605,416,5/11/21
230,242411,P-5742,B-1517,30918,6/19/21
247,352195,P-10525,B-2755,798,3/4/21
262,324641,P-2805,B-724,290,4/25/21
301,468136,P-10835,B-2870,641,6/15/21
304,240385,P-8605,B-3078,298,9/29/21
308,207372,P-11626,B-3119,292,7/16/21
319,249158,P-6539,B-1721,1993,12/14/21
337,385733,P-5565,B-1478,300,6/7/21
342,111300,P-2838,B-734,299,12/7/21
344,111300,P-466,B-113,610,12/16/21
365,111300,P-10051,B-3078,596,7/18/21
374,443375,P-11810,B-3175,253,2/12/21
376,124783,P-10633,B-3078,664,10/28/21
378,111300,P-7551,B-3078,341,10/31/21
396,145342,P-7885,B-2372,496,5/19/21
404,419185,P-4381,B-2201,441,2/23/21
406,385450,P-11753,B-3159,405,7/4/21
412,283079,P-6331,B-1650,946,3/31/21
415,169009,P-4997,B-1315,352,4/13/21
419,480923,P-8844,B-2679,691,3/3/21
438,493797,P-6616,B-1737,1490,12/26/21
440,388416,P-4021,B-3078,497,12/12/21
443,177066,P-2073,B-459,1390,1/16/21
448,401197,P-9092,B-3078,1299,5/19/21
460,298040,P-5128,B-3078,791,6/4/21
461,499396,P-7221,B-1937,381,5/28/21
462,235855,P-2489,B-610,291,11/17/21
469,355257,P-8952,B-2307,20961,3/23/21
470,355257,P-5643,B-3078,646,1/9/21
475,355257,P-8915,B-2307,28841,6/24/21
489,355257,P-5369,B-1431,36339,3/28/21
494,355257,P-5471,B-3078,529,9/6/21
502,221481,P-8912,B-2307,25901,5/19/21
503,284137,P-2327,B-3078,507,10/19/21
511,298257,P-3304,B-3078,452,2/14/21
514,375797,P-12128,B-3235,269,10/3/21
519,224277,P-6165,B-678,180,10/3/21
524,378491,P-188,B-3078,447,10/6/21
528,197296,P-10422,B-2741,350,3/10/21
532,118990,P-1709,B-3078,889,11/26/21
537,277633,P-2917,B-748,298,2/11/21
559,375404,P-7520,B-3078,398,5/3/21
565,267742,P-4507,B-1193,445,2/8/21
569,242810,P-5137,B-3078,148,5/15/21
571,151229,P-3995,B-1027,2346,5/31/21
581,432869,P-8981,B-2307,33068,9/20/21
589,419271,P-2203,B-3078,761,4/14/21
607,309230,P-6274,B-3078,394,12/15/21
625,111300,P-1755,B-372,234,6/8/21
629,111300,P-1046,B-144,2497,6/19/21
636,111300,P-11595,B-3106,592,12/17/21
651,185074,P-2494,B-610,297,7/19/21
668,363790,P-12022,B-3209,745,11/6/21
677,240707,P-1004,B-133,1374,8/23/21
690,248386,P-1612,B-323,1415,1/10/21
691,213748,P-3702,B-947,289,5/17/21
698,406941,P-405,B-93,595,11/29/21
699,449727,P-4107,B-1059,1330,5/2/21
704,169713,P-12375,B-3295,445,1/26/21
706,477641,P-9051,B-3078,241,8/31/21
709,135580,P-4667,B-1237,993,2/10/21
712,326627,P-11550,B-2281,290,7/11/21
722,395606,P-10177,B-2699,392,2/9/21
723,371484,P-11456,B-3056,538,5/4/21
724,307263,P-7796,B-3078,299,1/13/21
725,141808,P-6434,B-1674,599,2/12/21
730,101080,P-4243,B-1097,268,12/8/21
731,315570,P-4955,B-3078,992,5/31/21
737,427903,P-1841,B-405,25001,6/8/21
756,284106,P-8519,B-2201,802,4/12/21
767,494783,P-6388,B-2679,460,5/3/21
768,211976,P-9018,B-2307,19558,5/12/21
793,163967,P-1651,B-340,2394,12/14/21
806,441471,P-10218,B-2709,790,10/11/21
812,348862,P-6253,B-2355,1899,1/28/21
826,379768,P-9346,B-3078,191,10/24/21
830,348085,P-2794,B-720,994,5/3/21
831,273607,P-2951,B-3078,391,11/13/21
841,305992,P-5715,B-1517,31468,6/2/21
874,275754,P-10640,B-3078,493,7/27/21
894,106117,P-2893,B-2679,489,8/13/21
1001,349272,P-6700,B-3078,589,5/22/21
1005,349110,P-10823,B-2866,1791,12/3/21
1014,355257,P-5909,B-1556,1732,2/11/21
1015,261184,P-612,B-133,1348,3/1/21
1016,437905,P-4404,B-1148,441,10/6/21
1025,427027,P-5783,B-1517,28100,9/13/21
1027,108271,P-3911,B-3078,1563,7/15/21
1031,211566,P-15000,B-1,1486,4/17/21
1041,438226,P-4435,B-1168,26996,5/5/21
1051,132376,P-12392,B-3301,139,12/5/21
1052,399940,P-2513,B-616,2285,3/22/21
1056,108271,P-3807,B-979,240,1/24/21
1057,108271,P-7266,B-3078,280,12/12/21
1062,108271,P-1512,B-278,1003,10/4/21
1075,144339,P-7033,B-3078,1790,8/8/21
1079,242547,P-8900,B-2303,3349,9/5/21
1083,239489,P-816,B-133,1594,5/15/21
1085,355156,P-114,B-3207,989,1/31/21
1091,153368,P-5736,B-1517,21083,5/17/21
1093,306290,P-9332,B-2415,2998,1/18/21
1102,235267,P-8931,B-2307,19584,6/21/21
1104,440784,P-201,B-3078,856,4/9/21
1113,229124,P-8108,B-3078,489,1/30/21
1116,487915,P-8712,B-3078,173,4/20/21
1117,179393,P-5209,B-1380,489,5/2/21
1119,217691,P-2244,B-3078,617,3/28/21
1133,324158,P-12190,B-449,337,7/20/21
1144,432190,P-6551,B-3078,798,8/13/21
1145,284239,P-1565,B-304,486,4/28/21
1149,394706,P-3061,B-789,393,11/9/21
1150,371058,P-4176,B-1080,451,11/16/21
1153,307263,P-12554,B-3078,760,10/10/21
1167,261179,P-3156,B-2372,396,3/21/21
1171,405068,P-4126,B-1067,947,9/3/21
1173,451445,P-3127,B-808,890,6/2/21
1174,258152,P-5307,B-1417,348,4/6/21
1180,230925,P-5851,B-1527,491,11/17/21
1188,496055,P-8289,B-2182,1143,12/12/21
1189,424213,P-3780,B-974,350,2/11/21
1198,359644,P-6687,B-1936,283,4/26/21
1200,293412,P-8054,B-2131,1394,11/29/21
1203,209270,P-8725,B-3078,215,6/6/21
1205,347061,P-11733,B-3149,442,3/18/21
1206,216490,P-7842,B-2086,299,1/1/21
1207,203318,P-1705,B-3078,1987,4/4/21
1209,464982,P-5709,B-1517,24057,10/17/21
1211,196090,P-2901,B-746,494,2/21/21
1212,358598,P-2048,B-3078,1192,2/3/21
1214,382821,P-2336,B-555,951,3/4/21
1225,372911,P-10593,B-2776,131,7/31/21
1228,438393,P-3707,B-3078,690,10/21/21
1229,400486,P-5898,B-1551,323,12/12/21
1233,337881,P-4009,B-1033,115,3/27/21
1236,224920,P-3439,B-889,10885,2/3/21
1237,314805,P-3929,B-3078,703,10/18/21
1248,258067,P-7721,B-2054,989,1/1/22
1255,311405,P-8943,B-2307,25573,6/22/21
1256,331811,P-3337,B-861,445,9/7/21
1257,212237,P-10038,B-2638,540,6/10/21
1258,252024,P-10636,B-2787,796,4/18/21
1277,357221,P-4816,B-3078,695,5/31/21
1279,451840,P-8889,B-2301,455,6/11/21
1282,260998,P-3437,B-889,2747,7/3/21
1285,450585,P-72,B-9,6690,11/10/21
1286,102938,P-4277,B-3231,343,11/9/21
1289,317714,P-1642,B-3078,324,8/9/21
1294,387610,P-3524,B-3078,951,3/14/21
1295,458888,P-2576,B-648,459,11/23/21
1296,458888,P-547,B-3078,692,10/25/21
1303,458888,P-6338,B-1655,325,1/11/21
1307,105018,P-7627,B-3078,992,11/22/21
1316,141975,P-5419,B-1444,1373,4/26/21
1322,389846,P-7328,B-1961,1346,3/22/21
1325,350429,P-12496,B-3335,1063,1/27/21
1326,160388,P-11091,B-3231,399,1/27/21
1332,455759,P-3584,B-922,954,8/28/21
1335,195791,P-2996,B-3078,399,9/20/21
1336,155249,P-1962,B-3078,391,9/15/21
1344,109581,P-5733,B-1517,24437,7/17/21
1350,263264,P-290,B-79,991,7/21/21
1354,196200,P-1439,B-255,346,4/28/21
1355,282545,P-5149,B-1366,389,12/30/21
1360,278377,P-7149,B-1907,2396,8/24/21
1362,126691,P-6978,B-3078,757,6/18/21
1364,156220,P-10159,B-2695,537,5/30/21
1366,321045,P-2984,B-3078,497,10/29/21
1367,206605,P-9326,B-2415,1550,9/10/21
1371,117091,P-5506,B-1466,293,11/11/21
1372,356559,P-12135,B-3078,340,6/21/21
1379,182965,P-4004,B-1030,17997,12/7/21
1386,281652,P-4721,B-1256,8098,3/7/21
1393,281652,P-7115,B-3078,1321,12/7/21
1394,281652,P-8226,B-3078,194,6/1/21
1396,281652,P-9948,B-2605,841,3/12/21
1397,281652,P-5510,B-1466,199,8/10/21
1398,281652,P-117,B-30,797,1/12/21
1399,281652,P-10491,B-2743,438,8/3/21
1403,370748,P-820,B-133,1598,6/22/21
1404,477155,P-12261,B-3269,263,2/24/21
1405,331380,P-3123,B-805,998,8/17/21
1407,475826,P-6079,B-1598,221,12/29/21
1408,147814,P-9104,B-2332,27851,7/24/21
1409,298437,P-5508,B-1466,249,1/3/21
1410,161338,P-3147,B-810,898,2/28/21
1412,148105,P-1138,B-2372,296,8/14/21
1417,366023,P-4259,B-1105,446,11/13/21
1418,127478,P-10956,B-2902,311,1/31/21
1420,283015,P-389,B-88,164,9/28/21
1421,433056,P-9499,B-3078,2591,3/15/21
1423,458888,P-12047,B-3215,1742,5/17/21
1424,127478,P-10715,B-2821,594,1/22/21
1425,127478,P-7691,B-3078,336,9/11/21
1432,218079,P-3076,B-793,31590,3/10/21
1433,125691,P-6141,B-2373,446,3/18/21
1437,466637,P-1142,B-2372,295,2/8/21
1439,435224,P-9211,B-2370,2499,11/19/21
1440,362160,P-1228,B-199,294,10/13/21
1441,331304,P-6791,B-3078,981,9/24/21
1442,264847,P-1886,B-405,28821,10/31/21
1444,101066,P-4573,B-3078,1489,10/31/21
1448,295465,P-6297,B-1645,1695,3/5/21
1449,102388,P-2187,B-502,539,8/22/21
1453,182542,P-10897,B-2892,429,5/28/21
1454,469216,P-11220,B-2372,367,9/13/21
1477,477902,P-3203,B-3078,941,12/5/21
1482,171545,P-1959,B-3078,576,12/10/21
1485,125825,P-11519,B-3078,1616,5/18/21
1487,281652,P-1672,B-3078,697,12/4/21
1488,461306,P-2909,B-748,391,3/31/21
1489,194724,P-3927,B-3078,290,1/1/21
1492,163355,P-10960,B-2904,354,5/21/21
1497,203315,P-6325,B-3078,535,6/12/21
1500,131184,P-10783,B-2852,593,7/18/21
1505,495872,P-3247,B-3078,299,8/14/21
1506,446335,P-1282,B-211,496,11/10/21
1507,202494,P-4491,B-1188,238,1/9/21
1509,334828,P-5981,B-1569,450,12/10/21
1511,336055,P-12139,B-3078,353,12/18/21
1519,452573,P-6613,B-1820,422,11/5/21
1520,462628,P-948,B-133,1372,2/17/21
1521,462628,P-3554,B-3078,443,7/11/21
1531,338473,P-7837,B-3078,498,1/21/21
1532,293538,P-9166,B-2679,3889,6/11/21
1533,144571,P-4587,B-1215,339,12/25/21
1534,248205,P-1452,B-258,116289,8/21/21
1535,346003,P-12229,B-3078,687,4/9/21
1536,462628,P-8982,B-2307,37947,8/5/21
1537,353644,P-2304,B-545,792,11/1/21
1539,204260,P-10061,B-2650,1599,5/12/21
1541,450682,P-3627,B-939,492,3/30/21
1547,106307,P-11987,B-3199,143,10/10/21
1548,101785,P-12440,B-3311,243,5/28/21
1549,355824,P-12020,B-3208,588,5/5/21
1556,164630,P-7590,B-3078,471,2/13/21
1560,498971,P-10925,B-2895,1397,5/13/21
1561,245961,P-6873,B-3078,948,7/23/21
1564,142063,P-4855,B-1276,6986,4/20/21
1565,335210,P-9318,B-3078,899,3/25/21
1567,142063,P-3000,B-768,4527,7/19/21
1575,142063,P-9636,B-3078,392,6/5/21
1576,191977,P-3886,B-1000,616,8/22/21
1594,232320,P-713,B-133,1593,9/19/21
1595,458084,P-3043,B-786,353,4/15/21
1596,317866,P-10002,B-2622,948,1/18/21
1604,496715,P-9821,B-2565,875,6/14/21
1606,275243,P-3717,B-949,1395,3/17/21
1609,207148,P-1997,B-430,745,10/15/21
1612,241644,P-7503,B-2008,293,5/12/21
1617,199808,P-2411,B-2281,289,8/3/21
1620,392007,P-10290,B-2715,968,2/28/21
1622,339269,P-4033,B-1039,189,1/23/21
1630,271172,P-3955,B-1019,291,9/15/21
1641,237336,P-11643,B-3123,398,5/3/21
1643,384976,P-7654,B-2044,699,11/22/21
1644,375339,P-11446,B-3051,492,6/9/21
1650,150953,P-3324,B-860,91,9/26/21
1656,377350,P-8310,B-2183,1596,6/22/21
1660,330569,P-3018,B-3078,397,4/15/21
1664,194301,P-7586,B-2028,17428,4/11/21
1665,256073,P-4884,B-1289,290,12/12/21
1666,256073,P-317,B-86,819,6/8/21
1667,256073,P-9307,B-3231,247,11/3/21
1668,364728,P-5750,B-1517,35688,10/9/21
1669,329490,P-6542,B-3078,2942,3/22/21
1670,171950,P-6137,B-1621,347,2/12/21
1672,133371,P-8824,B-2679,841,11/27/21
1677,203046,P-5215,B-1384,1745,3/27/21
1683,291117,P-414,B-3078,159,7/2/21
1687,442288,P-2329,B-3078,513,5/4/21
1690,115584,P-4221,B-1087,796,9/15/21
1697,123826,P-9897,B-3078,240,2/6/21
1699,159622,P-12041,B-3215,1424,2/26/21
1705,495730,P-5634,B-1502,1097,7/4/21
1706,299555,P-7644,B-3078,589,2/11/21
1708,141945,P-1323,B-219,596,10/8/21
1717,359798,P-1877,B-405,22637,7/24/21
1719,277954,P-6157,B-3078,793,2/8/21
1722,283661,P-5836,B-1525,640,12/23/21
1723,269048,P-3602,B-931,216,4/21/21
1726,412106,P-8264,B-3078,390,11/20/21
1730,441424,P-11326,B-3000,492,4/28/21
1735,474372,P-6783,B-1803,599,5/25/21
1742,215722,P-9004,B-2307,34025,12/6/21
1745,197814,P-3149,B-810,1399,1/9/21
1746,100300,P-515,B-2373,310,7/6/21
1747,320270,P-8048,B-3078,1997,11/6/21
1764,288629,P-3132,B-810,789,7/17/21
1772,126587,P-5888,B-1543,241,5/30/21
1780,211746,P-11400,B-3032,957,6/14/21
1784,338079,P-111,B-29,424,1/28/21
1785,336032,P-9264,B-2390,291,5/18/21
1788,161430,P-11089,B-378,257,5/18/21
1794,243210,P-2325,B-3078,335,9/21/21
1796,374632,P-7398,B-3078,490,9/7/21
1797,162786,P-9557,B-2475,889,4/1/21
1799,328577,P-1303,B-218,194,6/13/21
1801,361372,P-10740,B-2830,295,1/6/21
1810,429992,P-11108,B-2201,182,9/19/21
1812,489213,P-4553,B-1207,158,6/14/21
1815,237644,P-8453,B-3078,598,5/29/21
1816,203749,P-10685,B-2806,394,10/18/21
1817,338187,P-3514,B-909,442,4/10/21
1818,220309,P-3588,B-924,400,12/17/21
1819,257701,P-10034,B-2679,591,11/22/21
1820,350903,P-8209,B-1157,568,9/6/21
1823,236270,P-4470,B-1177,642,9/18/21
1825,107457,P-2210,B-3078,840,8/9/21
1827,302063,P-5092,B-3078,346,10/10/21
1849,465848,P-3691,B-945,2108,1/17/21
1850,474037,P-101,B-23,297,2/9/21
1851,242426,P-3103,B-797,3506,8/17/21
1862,232732,P-4275,B-3078,391,9/6/21
1863,477029,P-6943,B-3078,343,8/1/21
1864,126679,P-9838,B-3078,597,11/13/21
1866,354975,P-2810,B-726,860,5/9/21
1868,365913,P-748,B-133,1593,10/6/21
1869,328085,P-9030,B-2312,322,10/26/21
1871,248820,P-11342,B-3009,2692,3/2/21
1873,361387,P-12212,B-3260,188,9/26/21
1875,390503,P-6221,B-1638,5543,8/28/21
1879,411480,P-1491,B-274,1248,6/2/21
1880,285272,P-5271,B-1407,596,5/11/21
1881,493813,P-5368,B-1431,25205,1/24/21
1882,171574,P-8447,B-2224,772,5/2/21
1885,307492,P-10188,B-2701,256,7/13/21
1886,277466,P-9960,B-2607,797,3/23/21
1888,274945,P-4969,B-3078,891,11/19/21
1897,274945,P-4466,B-1176,1295,9/15/21
1901,274945,P-9041,B-2316,1498,8/22/21
1906,428234,P-5214,B-3078,690,4/17/21
1909,428454,P-11164,B-3078,848,2/2/21
1911,417308,P-1476,B-267,285,9/8/21
1913,130999,P-744,B-133,1591,7/28/21
1916,256073,P-2823,B-730,1687,12/18/21
1928,356946,P-8905,B-2305,391,3/22/21
1931,167070,P-205,B-57,694,10/14/21
1935,107474,P-7927,B-2114,493,1/25/21
1943,406103,P-3778,B-973,438,2/27/21
1947,308639,P-11433,B-2201,439,1/29/21
1949,179739,P-6546,B-2372,893,10/12/21
1953,184996,P-6075,B-1597,168,9/7/21
1959,176028,P-3658,B-3078,643,10/7/21
1962,137649,P-492,B-119,251,7/18/21
1963,351432,P-5751,B-1517,18047,8/14/21
1965,248422,P-894,B-133,913,9/6/21
1970,207443,P-10437,B-2741,353,4/12/21
1975,307418,P-11718,B-3146,993,5/11/21
1976,440598,P-7310,B-3078,961,2/12/21
1978,193491,P-7477,B-2001,1589,1/29/21
1979,272502,P-9283,B-3078,298,7/6/21
1980,464106,P-9410,B-3078,4499,3/7/21
1981,274945,P-1095,B-165,240,11/17/21
1982,280301,P-4669,B-1237,1193,10/28/21
1989,251092,P-2549,B-634,143,10/26/21
1991,198072,P-5054,B-1333,2307,1/21/21
1992,393489,P-3225,B-838,493,10/3/21
1993,277745,P-5690,B-1517,27961,10/2/21
1997,368026,P-1933,B-410,696,1/1/21
1998,478057,P-9963,B-2608,425,2/27/21
2003,277245,P-6887,B-3078,894,2/7/21
2009,320523,P-11244,B-2971,301,10/10/21
2022,111293,P-4703,B-1251,1331,2/10/21
2027,292994,P-3910,B-3078,281,4/15/21
2028,202383,P-8821,B-2274,3989,3/1/21
2041,289054,P-7429,B-1993,4243,7/12/21
2042,368026,P-10379,B-2741,586,7/26/21
2043,368026,P-10935,B-2895,1675,12/30/21
2044,482781,P-6758,B-1793,744,4/8/21
2045,432838,P-12150,B-3238,830,2/7/21
2050,182464,P-4168,B-3078,491,6/3/21
2051,489416,P-5688,B-1517,28960,7/9/21
2054,291718,P-3897,B-3078,376,7/27/21
2055,202443,P-6109,B-1614,331,8/6/21
2058,124878,P-5677,B-1517,25297,9/5/21
2059,130949,P-9537,B-1154,201,7/23/21
2061,490868,P-2066,B-3078,294,4/17/21
2062,116683,P-4558,B-3078,1296,4/23/21
2069,306828,P-490,B-119,249,10/28/21
2072,139646,P-4397,B-1145,1062,8/18/21
2073,172501,P-11839,B-3185,1939,7/8/21
2075,495639,P-7739,B-2059,345,8/29/21
2077,299897,P-1325,B-219,699,10/8/21
2078,322955,P-5675,B-1516,417,5/15/21
2085,279685,P-8265,B-3078,491,12/5/21
2094,112054,P-4119,B-1065,467,2/26/21
2095,121993,P-4315,B-1116,823,2/28/21
2100,416160,P-6858,B-3078,692,6/3/21
2101,364534,P-11174,B-3078,760,5/4/21
2102,386082,P-10018,B-2632,244,8/20/21
2108,104692,P-7528,B-3078,390,7/30/21
2110,222515,P-761,B-133,1590,9/3/21
2117,406012,P-3593,B-927,231,9/14/21
2118,406560,P-5866,B-1533,139,6/9/21
2119,142717,P-306,B-82,383,8/5/21
2120,343711,P-12258,B-3269,265,3/8/21
2132,444699,P-8620,B-3078,297,10/13/21
2136,485153,P-268,B-2679,490,8/31/21
2142,120978,P-6751,B-1793,471,9/22/21
2144,183802,P-4151,B-1076,193,4/14/21
2147,406012,P-8436,B-2355,325,5/2/21
2153,406012,P-5359,B-1430,9842,10/3/21
2155,406012,P-9680,B-2517,397,5/18/21
2156,360418,P-5861,B-2372,490,3/3/21
2157,333373,P-151,B-41,593,7/11/21
2161,375624,P-5055,B-1334,298,5/29/21
2162,396981,P-8469,B-3078,549,12/5/21
2182,373128,P-3827,B-985,4894,12/31/21
2183,253547,P-6446,B-3078,2092,5/22/21
2186,103982,P-1745,B-372,1190,11/18/21
2187,399363,P-11856,B-3231,292,12/22/21
2201,496105,P-921,B-133,919,8/19/21
2204,433457,P-2130,B-3078,493,11/23/21
2209,372750,P-8630,B-3078,299,10/18/21
2210,171464,P-8163,B-3078,828,7/28/21
2212,217114,P-3148,B-810,491,4/3/21
2213,478055,P-906,B-133,913,4/19/21
2217,189154,P-7674,B-3078,499,7/12/21
2218,372840,P-9673,B-2515,155,10/25/21
2221,293354,P-6414,B-1668,211,9/14/21
2223,443553,P-5583,B-1481,415,6/10/21
2235,162224,P-11671,B-3132,896,4/24/21
2244,257529,P-453,B-107,2843,8/20/21
2249,257529,P-6169,B-3078,849,10/5/21
2261,257529,P-9013,B-2307,27645,7/14/21
2262,439052,P-8331,B-2184,2648,12/4/21
2268,294918,P-2825,B-732,295,12/25/21
2270,357141,P-5152,B-3231,291,4/25/21
2282,481057,P-873,B-133,920,4/3/21
2283,296094,P-11,B-1,1451,11/22/21
2284,454151,P-5105,B-2679,993,7/17/21
2286,400841,P-6772,B-3078,826,6/2/21
2287,450831,P-993,B-133,1378,1/12/21
2288,415039,P-4280,B-334,425,12/21/21
2290,115496,P-8205,B-2679,1497,4/15/21
2291,322072,P-6803,B-1811,5094,3/13/21
2292,411418,P-171,B-2679,479,6/6/21
2293,322482,P-10256,B-3078,990,5/19/21
2294,276140,P-8021,B-3078,467,9/28/21
2298,392629,P-10325,B-2731,490,12/17/21
2299,281448,P-2469,B-598,944,12/5/21
2300,270488,P-6341,B-1656,346,1/5/21
2304,204642,P-2701,B-698,505,5/27/21
2307,493126,P-11693,B-3139,394,5/29/21
2308,455907,P-2354,B-3078,304,8/21/21
2310,247024,P-4720,B-1256,8498,3/28/21
2313,217331,P-9881,B-3078,491,2/11/21
2323,489566,P-6314,B-1645,943,9/3/21
2325,235854,P-10693,B-2807,428,6/11/21
2331,362729,P-5631,B-1501,2395,1/20/21
2334,368279,P-7865,B-3078,643,1/30/21
2335,203158,P-4420,B-3078,494,4/6/21
2336,330774,P-7163,B-1912,449,6/2/21
2341,204351,P-10416,B-2741,976,7/16/21
2347,127394,P-9084,B-3078,1247,6/1/21
2353,157182,P-8851,B-334,124,1/6/21
2354,295985,P-10803,B-2861,194,7/31/21
2355,388720,P-8110,B-2141,1489,5/10/21
2356,257529,P-2809,B-725,489,10/16/21
2357,168849,P-12286,B-3274,1196,8/1/21
2359,128568,P-8288,B-1936,1248,8/4/21
2363,405759,P-3042,B-3078,356,1/24/21
2375,496676,P-12513,B-3342,1047,2/24/21
2390,127087,P-166,B-3078,420,3/8/21
2391,153966,P-4927,B-1300,446,3/6/21
2395,313955,P-6217,B-1635,1713,12/9/21
2396,364283,P-3963,B-1020,26833,8/16/21
2397,428579,P-10058,B-2650,104,2/23/21
2399,120759,P-3597,B-929,401,9/15/21
2402,150220,P-1360,B-3078,1997,6/9/21
2405,460001,P-10090,B-3078,1170,4/23/21
2412,257813,P-775,B-133,1591,12/29/21
2413,341478,P-9065,B-2323,871,5/29/21
2417,182546,P-7111,B-1894,324,3/15/21
2419,281300,P-7912,B-2111,1989,10/23/21
2423,352546,P-895,B-133,918,12/9/21
2424,461676,P-1685,B-3078,421,7/26/21
2425,256892,P-8358,B-2196,616,7/30/21
2426,372754,P-6637,B-3078,197,6/10/21
2429,150737,P-5773,B-1517,29150,12/15/21
2431,366431,P-3716,B-3078,551,11/17/21
2433,195695,P-3494,B-2372,421,4/4/21
2435,394070,P-7146,B-1906,765,11/5/21
2436,140011,P-12127,B-3235,287,4/6/21
2437,196128,P-651,B-133,1590,3/18/21
2445,311433,P-5386,B-1432,993,2/12/21
2448,152666,P-10937,B-2895,799,7/11/21
2451,480700,P-6185,B-3078,820,3/17/21
2462,280102,P-7357,B-1973,596,5/7/21
2465,355683,P-11076,B-2940,699,5/8/21
2471,359161,P-3271,B-850,1489,11/8/21
2474,482754,P-11614,B-334,171,1/20/21
2477,116783,P-647,B-133,1595,9/4/21
2479,404018,P-5713,B-1517,40173,7/6/21
2487,305651,P-3745,B-3078,1095,3/7/21
2494,306613,P-10727,B-2824,39991,5/3/21
2496,271695,P-2696,B-696,244,10/18/21
2497,272765,P-10123,B-3078,244,12/15/21
2498,290380,P-8919,B-2307,37912,11/7/21
2499,387580,P-9659,B-3078,692,12/28/21
2505,216725,P-770,B-133,1599,1/19/21
2516,498457,P-9766,B-2546,1099,1/17/21
2517,183322,P-6068,B-1594,486,11/26/21
2518,498798,P-6340,B-1656,531,7/14/21
2520,129346,P-6269,B-3078,789,10/28/21
2521,144332,P-9275,B-2394,649,12/21/21
2524,490284,P-6718,B-3078,1893,7/4/21
2526,281192,P-3218,B-3078,399,5/6/21
2532,474465,P-5903,B-3078,467,10/1/21
2537,176829,P-570,B-133,1596,6/15/21
2540,426852,P-8156,B-3078,3752,12/21/21
2549,400458,P-3592,B-926,299,8/31/21
2553,351398,P-6690,B-3078,991,5/22/21
2557,314685,P-2796,B-720,343,3/26/21
2559,156907,P-76,B-11,2245,7/21/21
2560,305785,P-9686,B-2372,495,5/17/21
2562,197166,P-2112,B-473,598,6/20/21
2563,112311,P-11393,B-3078,2641,6/12/21
2571,410322,P-12431,B-3309,289,10/12/21
2572,103909,P-9852,B-2577,498,2/18/21
2577,216818,P-1763,B-376,748,1/14/21
2581,165565,P-8910,B-2307,31193,5/4/21
2582,227075,P-6818,B-3078,899,2/20/21
2587,227075,P-271,B-3078,398,3/17/21
2589,227075,P-4509,B-1193,296,10/23/21
2590,227075,P-5296,B-1413,1497,11/19/21
2592,412920,P-4890,B-1292,589,8/18/21
2595,495025,P-5570,B-1478,299,11/1/21
2597,266779,P-905,B-133,914,12/30/21
2602,280812,P-4053,B-1051,1096,9/12/21
2614,215539,P-9950,B-2605,546,7/22/21
2620,274442,P-2350,B-3078,1674,8/1/21
2628,149603,P-5479,B-1458,277,12/2/21
2629,152209,P-3346,B-864,394,10/21/21
2632,280812,P-9999,B-3078,1266,12/20/21
2633,280812,P-4915,B-3078,340,7/12/21
2638,425031,P-9971,B-2609,440,12/8/21
2643,277787,P-2033,B-443,342,5/30/21
2646,459088,P-8646,B-3078,289,6/6/21
2647,308679,P-2425,B-3078,986,9/21/21
2650,143696,P-7565,B-3078,593,2/14/21
2651,433751,P-11238,B-2968,316,6/3/21
2652,326420,P-10986,B-2918,640,6/21/21
2654,204005,P-607,B-133,1596,1/20/21
2659,227075,P-10156,B-2695,529,12/29/21
2663,162330,P-451,B-2372,433,4/3/21
2668,240248,P-5358,B-1430,22835,11/26/21
2669,135345,P-12376,B-3296,699,4/25/21
2670,227645,P-2661,B-673,295,9/28/21
2671,328999,P-5610,B-2679,477,4/30/21
2673,477605,P-219,B-63,947,6/4/21
2676,113125,P-12355,B-3285,493,3/14/21
2689,448707,P-4876,B-1287,1797,2/14/21
2693,152660,P-5217,B-1385,899,11/17/21
2701,112336,P-3501,B-3078,211,3/23/21
2702,271954,P-6427,B-3078,845,1/24/21
2704,209912,P-3961,B-1020,32780,3/1/21
2723,249927,P-8116,B-2144,906,10/22/21
2728,281974,P-1926,B-410,1045,1/17/21
2733,235949,P-7804,B-679,295,3/27/21
2734,425324,P-9584,B-3078,3144,11/13/21
2738,237785,P-12196,B-3251,437,9/26/21
2739,363809,P-8765,B-1936,489,4/1/21
2745,152945,P-9520,B-2462,390,3/28/21
2747,280791,P-3373,B-877,990,12/31/21
2750,162340,P-1200,B-187,1025,2/23/21
2751,101566,P-8586,B-3078,192,9/28/21
2754,456362,P-12527,B-3078,1289,1/24/21
2755,332197,P-9457,B-2443,545,6/5/21
2757,156247,P-9493,B-2453,495,9/8/21
2776,220385,P-8390,B-2204,396,8/25/21
2782,291577,P-9310,B-2411,1594,10/5/21
2786,323950,P-3608,B-933,298,8/24/21
2788,390566,P-9215,B-2370,699,2/10/21
2789,342958,P-2718,B-2372,380,3/14/21
2790,342958,P-9875,B-2586,547,9/24/21
2791,342958,P-78,B-12,593,10/29/21
2793,276134,P-244,B-71,892,1/23/21
2794,465390,P-3704,B-947,470,1/20/21
2795,253898,P-1486,B-270,433,4/13/21
2796,366736,P-8083,B-2135,389,8/7/21
2797,384090,P-3770,B-968,146,7/7/21
2801,257214,P-2582,B-649,489,2/2/21
2803,156637,P-1541,B-289,838,5/7/21
2804,100327,P-2431,B-581,339,10/31/21
2807,136477,P-6538,B-2679,435,12/14/21
2810,384501,P-3547,B-2372,396,8/2/21
2818,308241,P-5025,B-3078,648,1/24/21
2821,236870,P-5082,B-1345,85,5/20/21
2825,433700,P-4965,B-1312,312,5/18/21
2834,152854,P-8335,B-2185,695,7/31/21
2842,380659,P-6585,B-3078,992,2/8/21
2843,304029,P-10403,B-2741,499,2/13/21
2856,363190,P-325,B-3078,1191,8/4/21
2857,430110,P-10737,B-2828,1641,10/15/21
2862,291826,P-1531,B-285,749,9/26/21
2863,152854,P-1129,B-170,341,1/27/21
2874,152854,P-10584,B-2770,1397,10/9/21
2877,323270,P-4390,B-1143,345,12/21/21
2880,335252,P-228,B-64,3390,1/4/21
2881,287368,P-9714,B-3078,746,7/8/21
2884,440515,P-427,B-97,862,12/26/21
2901,491978,P-702,B-133,1589,12/4/21
2903,428570,P-11538,B-3082,281,8/23/21
2907,117893,P-10900,B-3078,489,5/20/21
2908,283132,P-5078,B-1342,571,3/13/21
2909,403805,P-3336,B-861,444,4/28/21
2910,450005,P-9355,B-3078,197,5/25/21
2912,133676,P-4374,B-3078,3490,12/2/21
2915,234310,P-7297,B-1947,850,3/31/21
2931,488289,P-4660,B-1237,1243,8/31/21
2935,357369,P-10902,B-3078,597,3/6/21
2936,119093,P-8860,B-2288,128,9/16/21
2943,116514,P-9648,B-2508,685,1/12/21
2944,342958,P-11845,B-3187,891,1/30/21
2945,475375,P-3363,B-871,296,3/25/21
2953,326014,P-4760,B-1260,424,9/29/21
2960,448490,P-796,B-133,1592,1/1/21
2965,448490,P-10164,B-2695,538,9/30/21
2970,448490,P-7673,B-3078,396,1/2/21
2976,310947,P-4994,B-1315,464,8/8/21
2977,433663,P-12450,B-3314,626,11/2/21
2978,229027,P-3154,B-812,893,8/21/21
2979,417761,P-7671,B-3078,329,1/26/21
2987,207141,P-4324,B-1120,3499,10/2/21
2990,498329,P-10532,B-3078,539,1/21/21
2995,181475,P-6148,B-3078,743,3/15/21
2999,396453,P-3862,B-992,640,9/29/21
3006,338607,P-7254,B-3078,281,4/10/21
3029,270834,P-7090,B-1881,689,9/14/21
3031,355381,P-7327,B-1961,1396,6/12/21
3037,460145,P-10167,B-2695,534,10/26/21
3038,338607,P-9509,B-3078,225,6/10/21
3039,338607,P-318,B-86,861,10/24/21
3040,288734,P-11714,B-3144,2494,7/27/21
3045,369611,P-3402,B-879,240,1/14/21
3049,128145,P-1852,B-405,35524,2/16/21
3054,181015,P-9799,B-2555,997,9/5/21
3057,337843,P-11178,B-3078,845,1/28/21
3060,395914,P-10673,B-3078,491,7/8/21
3063,448490,P-2798,B-720,490,2/3/21
3070,471124,P-2089,B-465,347,1/10/21
3073,496761,P-11846,B-3187,803,10/5/21
3084,253713,P-10006,B-2624,90,5/24/21
3087,212163,P-11913,B-3197,292,9/1/21
3092,354145,P-3940,B-1018,899,8/23/21
3094,465052,P-3731,B-954,495,8/3/21
3098,317613,P-9885,B-3078,398,7/5/21
3101,327152,P-5460,B-1452,341,1/13/21
3103,308231,P-5763,B-1517,23483,11/29/21
3107,101663,P-1691,B-349,346,3/18/21
3113,405865,P-9082,B-2326,28579,2/17/21
3122,150490,P-5848,B-1526,1745,9/9/21
3123,186652,P-5268,B-1407,493,9/7/21
3125,441286,P-5330,B-1420,489,8/7/21
3129,493233,P-11425,B-3041,219,5/9/21
3132,250666,P-167,B-3078,299,4/20/21
3135,105184,P-587,B-133,1589,5/30/21
3137,455405,P-2654,B-668,952,10/27/21
3146,116469,P-9730,B-378,390,5/21/21
3148,239523,P-7925,B-2114,492,1/4/21
3149,297872,P-3451,B-896,139,2/12/21
3172,372160,P-8977,B-2307,27556,11/3/21
3173,321297,P-738,B-133,1597,12/15/21
3174,341533,P-9261,B-2679,839,7/13/21
3175,102169,P-1045,B-143,338,8/18/21
3176,402877,P-3598,B-929,349,6/3/21
3192,360528,P-4689,B-1245,195,12/14/21
3195,191701,P-8619,B-3078,296,4/24/21
3197,158249,P-7354,B-3078,748,2/18/21
3205,346052,P-6669,B-1754,287,10/23/21
3206,475665,P-512,B-123,594,5/7/21
3207,177875,P-1802,B-392,718,12/6/21
3212,173785,P-1792,B-390,993,12/31/21
3214,484861,P-6739,B-1788,289,4/19/21
3215,235279,P-5962,B-3078,699,2/28/21
3217,439789,P-3912,B-1009,896,7/15/21
3222,124524,P-6475,B-1695,1608,6/15/21
3224,151498,P-576,B-133,1599,4/15/21
3228,390114,P-10509,B-2748,20571,12/15/21
3233,465477,P-7437,B-1994,5249,2/11/21
3237,378240,P-8798,B-3078,297,4/17/21
3238,278353,P-8277,B-1936,1244,12/1/21
3244,241141,P-7314,B-1954,178,7/13/21
3247,285748,P-3894,B-1004,391,11/23/21
3248,328590,P-1532,B-3078,689,4/14/21
3253,293999,P-6825,B-1816,1575,6/10/21
3256,239984,P-9436,B-2428,646,5/2/21
3257,239984,P-785,B-133,1591,5/24/21
3263,117129,P-1785,B-388,895,3/27/21
3264,123784,P-5919,B-3078,2394,4/21/21
3266,487174,P-10255,B-3078,791,8/9/21
3271,377851,P-9787,B-3078,644,5/20/21
3272,264248,P-7863,B-3078,329,2/24/21
3275,264248,P-5785,B-1518,2296,7/28/21
3277,264248,P-8788,B-3078,2292,2/5/21
3278,264248,P-11631,B-3078,1669,8/29/21
3280,184182,P-10077,B-1936,295,4/20/21
3281,427173,P-5070,B-3078,831,4/25/21
3285,285905,P-8972,B-2307,20575,6/16/21
3289,310784,P-8098,B-2139,246,1/1/21
3291,446914,P-3564,B-920,238,10/27/21
3299,422108,P-6027,B-3078,1945,1/20/21
3303,283247,P-9655,B-2510,1790,4/5/21
3307,239984,P-9205,B-2370,698,9/28/21
3308,374044,P-10626,B-2784,298,3/20/21
3315,365471,P-4258,B-3078,1998,6/22/21
3325,214371,P-7701,B-3078,148,5/14/21
3333,239984,P-7941,B-3078,208,7/8/21
3343,138902,P-7230,B-3078,1613,10/11/21
3354,162692,P-11797,B-3172,647,12/20/21
3360,313154,P-8819,B-3078,905,10/12/21
3364,384530,P-11875,B-3194,2697,12/28/21
3365,408025,P-3830,B-3078,444,10/27/21
3369,351697,P-9365,B-3078,349,12/28/21
3372,269687,P-12441,B-3311,495,10/8/21
3377,469651,P-4897,B-1293,512,6/15/21
3378,351697,P-3185,B-3078,76,5/7/21
3381,351697,P-4976,B-3078,891,4/21/21
3382,236041,P-5639,B-3078,791,10/24/21
3385,350924,P-11691,B-3138,295,10/13/21
3387,236748,P-9149,B-2344,1997,11/26/21
3388,315298,P-8935,B-2307,15357,5/19/21
3389,336829,P-6982,B-1842,188,6/14/21
3405,317891,P-6806,B-1812,1595,5/7/21
3425,123834,P-6490,B-3078,548,7/26/21
3427,294525,P-7207,B-1932,349,4/10/21
3430,113130,P-10724,B-3078,825,5/27/21
3438,283705,P-1117,B-166,1392,2/16/21
3442,339335,P-1827,B-405,25371,10/11/21
3450,193158,P-12081,B-3220,7191,2/18/21
3453,181544,P-3493,B-907,599,8/9/21
3454,181544,P-10732,B-2826,4041,6/24/21
3456,263338,P-8322,B-2183,1291,5/3/21
3458,212926,P-10222,B-2710,994,11/16/21
3459,226403,P-7724,B-3078,296,1/22/21
3460,261931,P-2462,B-593,989,4/27/21
3467,370363,P-6527,B-3078,739,10/3/21
3475,370363,P-5305,B-1417,348,9/13/21
3476,370363,P-1207,B-191,269,8/23/21
3480,370363,P-8973,B-2307,18213,11/23/21
3481,303774,P-8488,B-2679,696,1/12/21
3482,114051,P-5,B-3078,499,4/30/21
3483,322464,P-3045,B-786,268,6/13/21
3484,341804,P-10454,B-2741,308,8/13/21
3485,323204,P-7767,B-2066,832,12/30/21
3486,350037,P-2593,B-653,289,12/9/21
3487,332314,P-2129,B-478,294,11/17/21
3488,168872,P-3559,B-918,191,12/25/21
3494,468566,P-12325,B-3078,274,6/6/21
3495,181544,P-1069,B-155,5636,11/6/21
3496,235097,P-782,B-133,1591,1/9/21
3501,486765,P-9202,B-2370,1495,8/20/21
3510,184192,P-5649,B-3078,747,1/8/21
3511,152762,P-7548,B-3078,386,9/30/21
3515,401074,P-6603,B-1841,325,11/15/21
3516,483951,P-12157,B-3078,258,3/24/21
3517,125904,P-12264,B-3269,267,5/25/21
3521,486831,P-1854,B-405,30286,1/27/21
3522,363207,P-11039,B-2929,490,4/20/21
3527,451033,P-190,B-49,347,10/15/21
3530,384925,P-9528,B-2463,886,4/30/21
3540,191946,P-5355,B-1427,797,1/4/21
3542,433234,P-6658,B-3078,698,1/4/21
3546,424528,P-1919,B-408,1729,12/25/21
3547,393625,P-10390,B-2741,584,1/2/21
3558,413946,P-10481,B-2741,272,5/16/21
3559,324234,P-7373,B-3078,493,10/9/21
3562,418879,P-9938,B-2604,546,3/5/21
3565,475312,P-2259,B-523,4039,1/13/21
3569,176480,P-4438,B-1169,248,9/2/21
3574,284967,P-11320,B-2998,1212,9/7/21
3576,151577,P-10457,B-2741,1113,2/3/21
3577,337571,P-8887,B-2301,367,4/22/21
3582,144799,P-3821,B-3078,897,9/6/21
3583,232656,P-2400,B-705,244,12/8/21
3584,310997,P-11058,B-3078,390,7/25/21
3592,388380,P-5185,B-1377,13888,2/18/21
3595,162606,P-9244,B-3078,1995,7/30/21
3597,190028,P-12284,B-3274,1089,4/7/21
3599,446526,P-5928,B-1559,502,4/8/21
3600,427544,P-12435,B-3311,298,3/2/21
3602,125142,P-529,B-3078,1792,5/10/21
3606,325103,P-558,B-133,1593,7/18/21
3609,322372,P-10068,B-2657,6447,7/21/21
3610,397437,P-479,B-119,258,1/4/21
3615,125669,P-9561,B-2478,493,9/19/21
3621,140646,P-4188,B-1082,489,8/17/21
3630,422443,P-864,B-133,916,3/27/21
3631,280690,P-3343,B-863,448,6/16/21
3635,441355,P-8004,B-3078,397,5/21/21
3639,185136,P-3488,B-3078,479,9/12/21
3640,317718,P-8737,B-3078,175,3/13/21
3644,344492,P-8805,B-3078,2691,11/2/21
3646,426230,P-3649,B-3078,887,3/24/21
3653,198702,P-1871,B-405,25726,4/14/21
3654,205447,P-4161,B-3078,1992,9/27/21
3659,260974,P-1465,B-2679,326,3/10/21
3663,134035,P-3274,B-850,1498,1/11/21
3670,483883,P-2960,B-755,490,11/4/21
3671,163725,P-5466,B-2679,768,9/12/21
3674,277390,P-1295,B-3078,395,9/6/21
3675,287127,P-199,B-54,995,3/8/21
3680,127441,P-9258,B-3078,298,2/11/21
3693,137781,P-7982,B-3078,490,10/1/21
3694,153471,P-7915,B-2113,203,3/12/21
3695,389887,P-9060,B-2322,1789,3/18/21
3699,482472,P-5295,B-1154,1294,12/12/21
3700,386098,P-3401,B-879,246,2/24/21
3701,253746,P-7961,B-3231,261,7/4/21
3702,443075,P-11540,B-3082,493,3/10/21
3704,267273,P-239,B-68,885,8/6/21
3705,195761,P-577,B-133,1591,4/8/21
3707,319312,P-5181,B-1376,3787,8/14/21
3709,310471,P-2028,B-440,4544,4/26/21
3715,291480,P-7896,B-3078,450,1/3/21
3717,287640,P-1752,B-372,244,11/27/21
3720,466859,P-12471,B-3078,450,8/4/21
3721,187328,P-4529,B-3078,442,6/14/21
3723,478327,P-27,B-1,1489,10/20/21
3729,168750,P-8529,B-2247,793,9/17/21
3730,106321,P-2058,B-452,489,2/3/21
3734,368778,P-7203,B-3078,904,5/17/21
3741,458352,P-11794,B-3171,239,3/12/21
3742,126331,P-6216,B-1635,2084,7/25/21
3745,184998,P-56,B-4,1349,1/11/21
3746,361313,P-2484,B-608,210,10/6/21
3748,374578,P-6660,B-1753,301,2/1/21
3754,124063,P-12028,B-3211,241,10/2/21
3759,168221,P-11371,B-3020,349,11/24/21
3762,358833,P-3364,B-872,629,11/29/21
3763,439983,P-6030,B-3078,1741,8/30/21
3767,316631,P-7480,B-2003,249,12/7/21
3770,272349,P-5729,B-1517,35055,3/25/21
3771,464733,P-10821,B-2866,693,9/18/21
3774,477433,P-2376,B-570,290,4/20/21
3779,281220,P-12126,B-3234,1341,4/25/21
3783,431478,P-1606,B-322,1099,12/3/21
3784,318970,P-6488,B-1700,691,3/17/21
3785,183885,P-8370,B-2200,289,7/11/21
3789,202511,P-2665,B-3078,981,10/9/21
3794,394697,P-8470,B-3078,695,10/26/21
3796,153005,P-4293,B-2281,394,7/10/21
3797,431958,P-12315,B-3078,274,1/29/21
3799,341137,P-4568,B-3078,999,1/12/21
3803,200878,P-9273,B-3078,1293,11/30/21
3810,392491,P-4933,B-1302,196,8/4/21
3815,169462,P-12069,B-3220,10224,2/19/21
3816,344062,P-6901,B-3078,690,6/10/21
3818,271284,P-2145,B-485,793,11/8/21
3819,342422,P-2410,B-573,471,8/27/21
3823,210886,P-9892,B-2591,589,6/30/21
3824,473937,P-9763,B-2544,14657,10/1/21
3825,173816,P-1953,B-419,1489,6/25/21
3826,368778,P-2657,B-670,397,9/13/21
3830,411273,P-4979,B-1315,260,1/3/21
3831,240527,P-1395,B-247,1694,2/6/21
3834,281133,P-9450,B-2437,649,10/26/21
3839,268024,P-417,B-3078,159,5/31/21
3840,382717,P-11598,B-3108,416,1/18/21
3862,373700,P-7647,B-3078,689,7/17/21
3863,318867,P-10421,B-2741,353,9/5/21
3870,488481,P-1409,B-247,5595,9/4/21
3872,360491,P-6842,B-3078,648,12/4/21
3874,281230,P-2988,B-3078,493,11/27/21
3875,287379,P-12090,B-3223,994,10/1/21
3876,256133,P-9555,B-2473,216,12/2/21
3887,338980,P-3081,B-793,47773,3/17/21
3888,420111,P-2316,B-552,10507,10/14/21
3890,464658,P-4895,B-1293,546,6/14/21
3891,367807,P-7182,B-1920,2096,2/7/21
3892,367807,P-12503,B-3078,739,4/15/21
3893,367807,P-3534,B-3078,1293,4/26/21
3894,367807,P-2621,B-662,2190,7/30/21
3895,367807,P-3774,B-970,799,3/9/21
3897,487065,P-1196,B-186,349,7/13/21
3898,470981,P-9341,B-3078,192,4/6/21
3899,239464,P-3973,B-1020,25851,7/2/21
3900,196431,P-2724,B-706,378,10/12/21
3905,145913,P-11877,B-3195,494,2/27/21
3907,323550,P-9615,B-1154,494,7/26/21
3910,199470,P-2068,B-456,492,9/19/21
3911,360491,P-10930,B-2895,3239,10/15/21
3913,414855,P-2412,B-574,454,10/6/21
3914,344847,P-3895,B-1004,296,3/25/21
3915,370363,P-6750,B-1793,467,8/8/21
3917,293860,P-1420,B-250,144,2/22/21
3918,397811,P-9034,B-2314,911,10/5/21
3922,360491,P-3722,B-3078,415,3/7/21
3925,456806,P-12401,B-3302,1796,9/16/21
3932,326907,P-153,B-41,994,12/10/21
3940,322613,P-249,B-72,2190,1/11/21
3943,327831,P-3475,B-3078,398,4/29/21
3957,120845,P-11252,B-2976,286,11/20/21
3968,168923,P-6811,B-2679,467,5/10/21
3971,287988,P-12335,B-3078,398,4/21/21
3980,158257,P-7049,B-3078,247,10/15/21
3981,389473,P-1650,B-339,312,12/19/21
3985,326329,P-2766,B-3078,336,7/12/21
3994,319907,P-9074,B-2326,26446,12/31/21
4004,414389,P-3570,B-920,191,3/28/21
4016,139973,P-4642,B-3078,523,2/7/21
4030,384002,P-6264,B-3078,779,10/27/21
4031,344456,P-5911,B-1556,2170,5/22/21
4036,340129,P-8927,B-2307,30759,4/6/21
4040,351508,P-5001,B-1316,218,9/29/21
4044,263971,P-3930,B-2679,494,2/9/21
4045,119218,P-7962,B-3078,489,12/20/21
4048,133945,P-2990,B-3078,499,3/19/21
4050,199350,P-3005,B-770,595,5/4/21
4054,474874,P-5442,B-1444,1390,12/28/21
4055,468798,P-4728,B-1260,488,2/3/21
4062,408684,P-5842,B-2679,494,12/24/21
4067,201318,P-4436,B-1167,238,9/3/21
4068,317839,P-3411,B-879,189,10/25/21
4071,112290,P-6201,B-334,519,9/8/21
4074,142692,P-5098,B-1349,429,11/23/21
4075,322156,P-12372,B-3292,626,8/8/21
4076,178195,P-4265,B-1109,496,1/14/21
4078,434319,P-2448,B-590,462,4/23/21
4083,108932,P-7581,B-2025,247,8/4/21
4084,418076,P-2334,B-3078,692,10/26/21
4085,443790,P-8232,B-2373,294,10/26/21
4086,404324,P-11131,B-2949,3200,6/20/21
4087,487451,P-10214,B-3078,702,8/20/21
4089,254753,P-11578,B-3095,241,5/25/21
4090,324281,P-10526,B-3078,497,6/21/21
4094,420780,P-10419,B-2741,350,2/12/21
4097,250167,P-496,B-119,251,1/14/21
4099,157842,P-585,B-133,1590,12/7/21
4103,336630,P-5403,B-1442,299,11/20/21
4104,400076,P-12465,B-3322,887,5/11/21
4111,167830,P-7662,B-2047,192,11/6/21
4116,248179,P-7036,B-1859,1293,4/26/21
4120,397332,P-10586,B-3231,189,3/6/21
4121,304939,P-10187,B-2701,251,4/30/21
4124,304265,P-6713,B-378,246,11/18/21
4125,111217,P-9755,B-2541,270,1/12/21
4127,285759,P-728,B-133,1591,7/20/21
4130,495304,P-5622,B-1496,716,2/8/21
4132,129624,P-3326,B-860,249,3/6/21
4134,276053,P-6449,B-1680,920,12/29/21
4138,429716,P-799,B-133,1344,5/24/21
4141,377645,P-1973,B-423,291,11/21/21
4142,248416,P-3150,B-809,190,10/17/21
4151,266509,P-649,B-133,1592,8/7/21
4158,107490,P-4044,B-3078,1590,4/19/21
4159,151512,P-5097,B-1349,431,3/15/21
4162,346239,P-10334,B-2733,1095,12/17/21
4163,370361,P-1058,B-151,243,11/12/21
4164,233429,P-3089,B-793,70784,10/6/21
4170,101946,P-8759,B-3078,219,5/14/21
4172,273723,P-1484,B-269,803,9/28/21
4178,290193,P-3737,B-3078,491,10/13/21
4179,346337,P-6871,B-3078,693,6/5/21
4180,323237,P-6541,B-1721,1490,8/17/21
4183,129126,P-6881,B-3078,1158,9/11/21
4188,100974,P-4562,B-449,495,7/13/21
4196,227949,P-7123,B-3078,891,1/11/21
4201,263629,P-11092,B-378,249,11/5/21
4202,351995,P-5191,B-1377,13888,2/4/21
4205,358220,P-5384,B-1431,27000,3/7/21
4206,468284,P-1625,B-330,1953,5/1/21
4208,136473,P-3512,B-909,490,1/24/21
4209,177799,P-842,B-133,1347,6/7/21
4211,177799,P-9330,B-2415,1495,4/16/21
4212,177799,P-8884,B-2301,350,12/13/21
4218,370565,P-10941,B-2895,2673,9/2/21
4221,190719,P-4138,B-3078,393,4/21/21
4222,309359,P-5225,B-1389,277,5/29/21
4226,165371,P-1442,B-3078,7523,11/14/21
4227,124607,P-11187,B-3078,3121,7/9/21
4229,142473,P-9252,B-2388,795,11/7/21
4232,192308,P-3351,B-866,489,11/30/21
4233,266843,P-5206,B-1379,393,10/1/21
4234,190839,P-8465,B-2232,1498,7/30/21
4235,101002,P-9175,B-2358,896,1/29/21
4238,403377,P-4443,B-1169,345,4/15/21
4248,367807,P-11374,B-3078,1999,5/10/21
4251,316664,P-4517,B-2372,479,1/12/21
4256,225756,P-5300,B-1416,396,12/17/21
4261,137103,P-10074,B-2658,596,7/26/21
4262,161555,P-9322,B-2372,491,2/2/21
4265,489601,P-2556,B-639,299,11/27/21
4270,400686,P-8333,B-3078,497,2/1/21
4271,385589,P-6962,B-3078,698,7/31/21
4276,182419,P-472,B-3078,594,12/24/21
4279,458344,P-8911,B-2307,27673,11/17/21
4280,174668,P-11046,B-2930,675,3/12/21
4282,100718,P-8430,B-1154,399,5/22/21
4284,180692,P-7401,B-3078,294,5/3/21
4287,340146,P-438,B-101,70,9/22/21
4289,450552,P-6680,B-3078,593,8/11/21
4290,110195,P-10634,B-3078,230,1/20/21
4291,390553,P-1205,B-191,492,11/7/21
4294,423480,P-1319,B-219,491,2/20/21
4295,423480,P-3797,B-3078,744,7/11/21
4297,360210,P-7757,B-3078,272,3/14/21
4298,334369,P-4456,B-1176,1793,5/16/21
4299,128522,P-3642,B-3078,747,3/29/21
4306,413300,P-4338,B-1128,294,5/13/21
4308,422999,P-5946,B-2679,290,11/7/21
4309,363408,P-8219,B-2175,897,1/24/21
4311,343088,P-4886,B-1291,296,11/15/21
4314,216151,P-3469,B-901,1660,3/8/21
4315,219168,P-298,B-80,596,9/9/21
4316,177799,P-12406,B-3302,3397,1/16/21
4317,315450,P-418,B-3078,161,10/1/21
4319,380322,P-179,B-2680,370,7/1/21
4322,418077,P-261,B-3078,594,9/26/21
4323,395663,P-6139,B-3078,689,4/30/21
4325,416826,P-11706,B-3078,1691,3/17/21
4328,374181,P-3212,B-3078,177,1/15/21
4334,276280,P-10495,B-2745,590,7/15/21
4337,389057,P-2604,B-3078,1601,3/5/21
4341,310541,P-3423,B-885,923,7/16/21
4351,449040,P-12191,B-2281,313,2/1/21
4355,136000,P-9253,B-2389,189,7/13/21
4357,173273,P-10716,B-2821,863,12/11/21
4366,181674,P-2569,B-645,492,2/13/21
4370,107164,P-12331,B-3281,963,12/13/21
4371,313584,P-9112,B-3078,934,7/25/21
4372,367090,P-1720,B-359,198,8/7/21
4378,171815,P-8509,B-3078,778,4/10/21
4379,265862,P-9411,B-3078,4640,2/6/21
4381,302426,P-474,B-3078,519,4/23/21
4382,131208,P-4440,B-1169,388,9/30/21
4384,222311,P-4813,B-1269,599,3/1/21
4385,429514,P-2699,B-697,299,12/4/21
4386,193713,P-7643,B-3078,775,12/11/21
4387,454480,P-5944,B-3078,796,4/20/21
4394,238266,P-615,B-133,1594,10/11/21
4395,110808,P-3518,B-2679,447,6/25/21
4398,185820,P-9062,B-2323,981,7/9/21
4399,151020,P-12198,B-3251,474,12/9/21
4400,172378,P-8092,B-3078,264,12/15/21
4406,157598,P-11542,B-3082,421,1/4/21
4416,288887,P-1897,B-405,25082,12/5/21
4426,191420,P-8862,B-3078,1922,1/20/21
4430,306745,P-12252,B-3266,3860,9/23/21
4432,457983,P-5195,B-1378,325,8/18/21
4433,395558,P-6489,B-3078,989,2/23/21
4434,160320,P-3483,B-905,22643,6/3/21
4442,260573,P-5538,B-2355,387,10/5/21
4445,485625,P-4380,B-1141,9367,9/19/21
4447,302391,P-691,B-133,1589,4/28/21
4449,323711,P-2293,B-680,189,9/10/21
4456,385205,P-3551,B-916,540,4/23/21
4457,359043,P-1717,B-359,206,2/8/21
4465,233752,P-11279,B-2984,1749,11/9/21
4467,284295,P-12530,B-3078,1193,11/11/21
4469,299063,P-2841,B-734,295,5/18/21
4472,326788,P-11659,B-3130,993,1/19/21
4477,139256,P-3699,B-947,477,8/4/21
4481,484424,P-6275,B-3078,342,12/10/21
4482,423480,P-8180,B-2160,439,4/7/21
4483,452245,P-8366,B-2198,717,8/7/21
4489,185544,P-8881,B-3078,241,2/25/21
4492,418951,P-4229,B-1092,417,1/8/21
4494,411277,P-9476,B-2449,493,1/29/21
4500,411277,P-1477,B-267,286,10/25/21
4515,411277,P-6593,B-3231,374,12/1/21
4520,411277,P-1913,B-405,25896,1/5/21
4539,411277,P-2342,B-557,1874,6/15/21
4541,204515,P-9474,B-2448,695,10/10/21
4551,284540,P-3843,B-3078,280,8/26/21
4554,411277,P-8691,B-3078,175,10/26/21
4557,296139,P-5457,B-1451,342,3/3/21
4559,132865,P-6319,B-1646,2085,1/24/21
4561,499530,P-3250,B-3078,297,7/31/21
4566,224713,P-12535,B-3078,1240,12/10/21
4568,201988,P-3892,B-1004,372,3/3/21
4569,189699,P-8248,B-2355,411,4/9/21
4575,176208,P-5120,B-3078,849,11/28/21
4576,215577,P-6516,B-3078,445,9/10/21
4578,389041,P-7121,B-3078,989,2/23/21
4582,118277,P-10522,B-2753,791,12/8/21
4590,363799,P-5261,B-2679,488,9/23/21
4591,467837,P-11834,B-3182,498,1/21/21
4592,184094,P-7161,B-1911,959,8/28/21
4596,250404,P-3129,B-810,992,4/22/21
4597,111086,P-11162,B-3078,785,2/9/21
4599,268178,P-7976,B-3078,546,10/24/21
4602,213008,P-7567,B-3078,415,8/10/21
4603,315986,P-5559,B-1478,236,12/8/21
4604,249002,P-12245,B-3078,218,7/1/21
4612,162171,P-10095,B-2669,792,7/19/21
4613,324149,P-3606,B-932,2546,7/31/21
4614,104829,P-11353,B-3014,169,12/16/21
4617,241874,P-10326,B-2731,497,5/16/21
4620,457014,P-3532,B-3078,990,6/22/21
4625,268526,P-10402,B-2741,1997,1/1/21
4626,244245,P-7273,B-3078,296,5/27/21
4634,319987,P-10905,B-2373,495,4/8/21
4637,384795,P-9524,B-2463,8896,3/31/21
4638,401650,P-5769,B-1517,34220,3/13/21
4639,192250,P-2905,B-3078,891,7/15/21
4640,373609,P-5489,B-1461,5812,3/22/21
4641,386144,P-303,B-80,274,6/30/21
4648,486265,P-484,B-119,259,12/19/21
4649,147144,P-11444,B-3051,261,10/29/21
4650,446084,P-600,B-133,1590,12/25/21
4653,198510,P-12391,B-2355,198,2/7/21
4654,182164,P-11701,B-3142,640,3/3/21
4656,187932,P-1269,B-3078,1734,4/19/21
4661,117655,P-723,B-133,1596,7/12/21
4662,257013,P-8135,B-3078,314,11/7/21
4666,454453,P-3896,B-1004,589,9/7/21
4667,293161,P-10548,B-2761,1654,11/18/21
4668,428040,P-10791,B-3078,4197,4/4/21
4674,438049,P-9248,B-3078,686,12/20/21
4677,236808,P-4222,B-1088,229,4/5/21
4678,183337,P-8146,B-3078,270,6/22/21
4681,295454,P-3412,B-2372,445,9/30/21
4684,222855,P-2107,B-3078,691,7/11/21
4690,458774,P-4790,B-1264,3688,2/20/21
4691,138143,P-12507,B-3340,497,3/5/21
4692,332018,P-8364,B-2198,985,6/6/21
4693,480539,P-6327,B-3078,788,3/26/21
4694,165790,P-11501,B-3078,499,7/10/21
4695,208834,P-7690,B-3078,711,2/20/21
4696,491266,P-10221,B-2710,589,10/12/21
4697,493807,P-9546,B-2469,1097,10/30/21
4698,356552,P-5741,B-1517,38806,6/22/21
4699,269055,P-4206,B-3078,699,3/2/21
4700,116265,P-4820,B-3078,2272,4/26/21
4701,297182,P-4195,B-3078,796,2/18/21
4702,355593,P-9957,B-2606,285,3/2/21
4703,162819,P-4656,B-1236,5200,4/18/21
4704,200699,P-8181,B-2161,389,11/12/21
4709,363288,P-11061,B-2933,599,4/3/21
4716,112485,P-11982,B-3197,383,11/27/21
4720,449622,P-5124,B-2679,392,2/27/21
4721,334424,P-1775,B-384,1089,7/25/21
4728,273287,P-12474,B-3078,495,11/6/21
4734,334908,P-8015,B-3078,658,6/4/21
4742,151265,P-3445,B-893,288,11/3/21
4745,240035,P-1249,B-205,1489,5/1/21
4747,466617,P-223,B-64,3393,5/17/21
4748,375654,P-4487,B-1185,368,8/22/21
4750,267074,P-8716,B-3078,198,8/12/21
4754,358031,P-5706,B-1517,24361,6/6/21
4758,164571,P-12124,B-3234,1191,9/19/21
4759,294674,P-6919,B-3078,790,9/30/21
4771,195140,P-2474,B-2372,369,2/22/21
4773,357341,P-9932,B-2604,693,4/9/21
4780,407522,P-11509,B-3078,596,1/18/21
4784,186510,P-4972,B-3078,997,10/3/21
4791,397141,P-9064,B-3078,854,8/29/21
4792,330572,P-1863,B-405,15913,7/6/21
4793,396358,P-3168,B-817,400,10/3/21
4796,118788,P-7791,B-3078,294,3/31/21
4806,492107,P-6776,B-1801,1191,6/5/21
4810,309564,P-2005,B-432,1499,4/11/21
4818,394124,P-21,B-1,2750,8/24/21
4819,344857,P-5757,B-1517,21409,8/11/21
4830,349471,P-10774,B-2845,229,7/31/21
4833,219384,P-12230,B-3078,785,12/28/21
4841,199316,P-10339,B-2735,408,7/18/21
4842,145460,P-181,B-3078,496,2/10/21
4856,189322,P-2982,B-3078,261,1/28/21
4857,378934,P-8160,B-2149,730,7/19/21
4865,455866,P-2215,B-3078,789,7/29/21
4868,169678,P-983,B-133,1377,7/23/21
4874,134664,P-1722,B-359,397,7/27/21
4876,353794,P-6389,B-2679,459,8/23/21
4885,103295,P-10370,B-2741,591,7/1/21
4889,141374,P-5089,B-1347,4498,11/7/21
4892,258398,P-8100,B-2140,497,5/3/21
4897,367718,P-11126,B-2946,2289,3/9/21
4903,157600,P-7999,B-2372,366,10/26/21
4904,120485,P-10182,B-2700,359,4/19/21
4906,155761,P-10979,B-3078,392,2/28/21
4907,487548,P-3106,B-799,769,8/15/21
4913,125607,P-1025,B-3078,371,10/7/21
4917,284878,P-7388,B-1986,989,8/14/21
4925,471677,P-7783,B-2068,1389,8/23/21
4927,360387,P-8665,B-2256,272,4/13/21
4928,332544,P-4853,B-3078,486,4/18/21
4929,170762,P-2721,B-3231,235,6/16/21
4936,352455,P-10321,B-2729,392,6/19/21
4939,120597,P-9236,B-3078,324,9/28/21
4940,278396,P-11349,B-3013,395,1/16/21
4943,244856,P-954,B-133,1372,9/28/21
4950,241212,P-5069,B-3078,717,1/10/21
4951,171566,P-10362,B-2741,485,5/7/21
4952,373709,P-8075,B-2134,459,10/10/21
4953,488459,P-10451,B-2741,310,4/14/21
4955,488811,P-9327,B-2415,1747,5/10/21
4956,227098,P-8955,B-2307,27814,10/23/21
4957,210292,P-3117,B-3078,790,6/8/21
4961,454569,P-4621,B-1222,498,12/30/21
4968,498426,P-1643,B-2373,303,7/24/21
4971,281525,P-8050,B-3078,592,3/14/21
4973,140680,P-11613,B-378,92,8/28/21
4976,211705,P-12564,B-3352,5250,6/4/21
4980,397312,P-8836,B-2283,636,8/28/21
4983,227098,P-10606,B-3078,542,6/28/21
4987,241066,P-161,B-41,996,7/29/21
4993,289673,P-8612,B-3078,294,1/11/21
4995,364043,P-6950,B-3078,439,3/25/21
4996,425890,P-9072,B-2325,495,9/30/21
4999,281840,P-11620,B-3118,799,8/2/21
5001,246083,P-7755,B-3078,348,2/5/21
5004,299063,P-8850,B-2330,143,11/28/21
5009,301774,P-857,B-133,911,7/8/21
5010,267960,P-2755,B-3078,332,11/12/21
5011,227098,P-6223,B-1638,745,3/3/21
5014,420664,P-9144,B-2344,4394,8/6/21
5019,185717,P-2890,B-744,780,7/31/21
5023,487134,P-9089,B-2327,745,10/27/21
5024,302132,P-6573,B-1729,276,7/26/21
5029,292767,P-10442,B-2741,353,9/9/21
5030,475280,P-89,B-16,599,3/24/21
5034,157604,P-11024,B-2925,644,8/7/21
5037,306186,P-7224,B-3231,489,12/30/21
5039,488700,P-9132,B-2344,4999,3/16/21
5040,416122,P-8367,B-2198,111,3/26/21
5041,269334,P-850,B-133,916,9/17/21
5042,109361,P-950,B-133,1370,3/12/21
5044,159861,P-7870,B-2096,326,4/10/21
5048,499869,P-7872,B-2097,995,10/24/21
5049,449422,P-3545,B-913,672,9/6/21
5051,349382,P-9397,B-3078,198,6/15/21
5055,194285,P-47,B-1,1746,8/19/21
5061,145489,P-9102,B-2331,1392,1/14/21
5063,406663,P-9376,B-3078,349,5/31/21
5064,404574,P-1043,B-142,395,10/31/21
5068,169590,P-867,B-133,912,9/23/21
5072,485526,P-11324,B-2998,4989,1/4/21
5073,289952,P-4269,B-1110,326,6/27/21
5080,404574,P-9445,B-2435,1187,5/3/21
5083,482179,P-3938,B-1018,791,4/30/21
5086,246892,P-4798,B-1266,1813,6/16/21
5087,322647,P-1837,B-405,32255,3/8/21
5092,476833,P-8123,B-3078,625,9/22/21
5094,393818,P-2362,B-563,327,4/11/21
5099,145493,P-186,B-3078,639,3/20/21
5105,390560,P-2538,B-629,304,2/26/21
5109,487171,P-5692,B-1517,27183,11/8/21
5111,370478,P-11897,B-3197,380,2/17/21
5114,333260,P-4607,B-1222,996,12/30/21
5127,448364,P-7984,B-3078,448,8/31/21
5128,400574,P-3170,B-817,1099,5/8/21
5133,409379,P-10475,B-2741,870,10/2/21
5141,179137,P-11254,B-2977,1710,4/10/21
5142,378578,P-10683,B-3078,1299,2/14/21
5154,283477,P-910,B-133,919,4/26/21
5160,387749,P-1085,B-162,291,7/26/21
5161,234980,P-12048,B-3215,573,1/26/21
5164,432989,P-10520,B-2752,994,4/16/21
5172,222929,P-9427,B-3078,395,8/8/21
5179,111435,P-1317,B-219,593,11/6/21
5181,462521,P-7798,B-3078,693,2/15/21
5190,107185,P-3729,B-953,299,9/5/21
5191,246828,P-3754,B-3078,969,8/6/21
5193,216662,P-3219,B-835,3492,4/6/21
5194,350743,P-8721,B-3078,168,1/5/21
5196,138563,P-10807,B-2863,391,9/25/21
5197,290257,P-5849,B-1526,1742,4/5/21
5199,295899,P-7729,B-2056,2761,1/31/21
5204,479480,P-8376,B-3078,1895,9/25/21
5207,361069,P-5180,B-3078,258,9/16/21
5224,404574,P-5807,B-2679,1593,1/22/21
5230,325279,P-32,B-1,1889,8/8/21
5235,252782,P-11423,B-3041,241,2/13/21
5242,259903,P-9518,B-2462,393,2/2/21
5247,270717,P-8167,B-3078,246,7/3/21
5250,404574,P-2337,B-555,993,9/7/21
5251,495323,P-6451,B-1682,324,8/23/21
5258,179185,P-9510,B-3078,191,5/9/21
5272,186753,P-3162,B-815,592,5/3/21
5275,295463,P-150,B-41,690,4/6/21
5281,159206,P-2214,B-3078,1692,1/18/21
5290,334660,P-2918,B-748,299,6/3/21
5298,353614,P-7634,B-3078,1189,6/5/21
5300,368373,P-4626,B-1225,798,12/27/21
5302,118368,P-10335,B-2733,830,8/30/21
5308,240025,P-5936,B-1564,1847,2/10/21
5310,439876,P-3052,B-3078,398,6/2/21
5321,351204,P-10891,B-2888,442,10/28/21
5326,166034,P-5297,B-1414,891,9/25/21
5327,308994,P-8567,B-2250,327,11/1/21
5331,157950,P-943,B-133,1376,11/27/21
5334,389032,P-7272,B-2372,395,7/21/21
5335,137765,P-6563,B-3078,850,11/27/21
5338,324549,P-146,B-40,853,5/6/21
5340,223229,P-2254,B-519,395,11/22/21
5342,149706,P-3777,B-972,973,9/11/21
5347,417747,P-1952,B-419,507,1/22/21
5348,340529,P-1340,B-222,68393,7/13/21
5349,199736,P-9500,B-2457,791,6/11/21
5352,195530,P-2835,B-734,249,4/9/21
5353,289368,P-10232,B-2714,196,12/17/21
5354,323217,P-8563,B-2250,321,10/1/21
5356,466841,P-4287,B-3231,409,3/2/21
5361,431802,P-10585,B-3078,1609,3/24/21
5362,203734,P-5540,B-378,215,9/26/21
5380,370075,P-6667,B-2281,296,9/2/21
5383,140028,P-10173,B-2698,797,11/4/21
5384,302172,P-8434,B-1936,339,8/7/21
5385,369413,P-2846,B-736,1350,5/20/21
5394,439827,P-9709,B-2527,117,2/22/21
5396,194497,P-6699,B-1767,679,3/26/21
5399,365376,P-9983,B-2613,691,1/1/22
5401,207883,P-7923,B-2114,497,10/12/21
5409,376663,P-7811,B-2077,395,7/17/21
5410,192969,P-8707,B-3078,218,10/3/21
5423,441681,P-2832,B-733,64,3/12/21
5424,328553,P-7893,B-2103,222,9/18/21
5427,169624,P-1193,B-2372,494,10/25/21
5435,255547,P-7714,B-3078,392,8/7/21
5436,323763,P-8452,B-2679,896,7/13/21
5439,207850,P-9746,B-3078,353,5/29/21
5442,105783,P-8787,B-3078,917,1/6/21
5444,447782,P-11820,B-3176,449,5/17/21
5452,390081,P-6144,B-1622,1364,2/27/21
5457,157476,P-7188,B-1924,455,8/2/21
5458,458395,P-6974,B-3078,742,11/9/21
5459,169196,P-3979,B-1020,32641,8/11/21
5461,423768,P-4279,B-2201,390,2/27/21
5463,424861,P-10365,B-2741,639,5/22/21
5465,276278,P-11778,B-3167,368,12/19/21
5470,121449,P-8225,B-2175,1494,9/27/21
5473,338385,P-5085,B-1346,591,5/11/21
5478,398404,P-7152,B-3078,397,3/20/21
5481,177690,P-5327,B-1419,16775,2/1/21
5482,484662,P-599,B-133,1599,3/2/21
5485,335057,P-4345,B-1129,489,7/6/21
5489,491771,P-2383,B-3078,1990,4/20/21
5490,326071,P-1955,B-3078,492,3/23/21
5491,350968,P-962,B-133,1378,5/23/21
5507,114823,P-4474,B-1180,17991,6/28/21
5513,234465,P-4808,B-1268,1793,3/14/21
5519,211783,P-11563,B-3090,749,11/21/21
5520,233410,P-2757,B-3078,369,11/22/21
5524,174878,P-1066,B-155,6580,2/10/21
5526,275493,P-2938,B-3078,350,6/5/21
5537,403150,P-8918,B-2307,23465,1/8/21
5538,112539,P-11504,B-3078,641,11/23/21
5551,192582,P-9833,B-3231,346,1/19/21
5553,101159,P-736,B-133,1592,12/5/21
5556,116745,P-1848,B-405,31828,1/1/22
5558,434757,P-2072,B-458,448,12/17/21
5559,310065,P-5744,B-1517,32230,8/27/21
5561,270000,P-4387,B-449,272,6/7/21
5565,241964,P-3749,B-3078,217,11/27/21
5566,483686,P-637,B-133,1598,3/7/21
5571,354759,P-9276,B-2395,594,8/13/21
5572,302200,P-8924,B-2307,33071,8/9/21
5580,302654,P-4984,B-1315,395,3/19/21
5581,283662,P-11775,B-3078,389,7/1/21
5582,168026,P-11219,B-2372,473,12/8/21
5588,129064,P-8301,B-3078,794,2/2/21
5589,329582,P-1208,B-191,300,12/12/21
5590,204583,P-12402,B-3302,1796,11/1/21
5591,313409,P-3434,B-889,899,6/3/21
5597,495928,P-4988,B-1315,400,1/31/21
5603,450693,P-1369,B-235,5061,6/28/21
5611,227535,P-5336,B-1421,497,2/16/21
5626,294588,P-3017,B-773,1191,10/3/21
5627,374509,P-9662,B-3078,547,1/17/21
5634,204738,P-218,B-63,278,1/12/21
5640,134689,P-10728,B-2825,1077,12/17/21
5645,133281,P-7875,B-3078,589,5/7/21
5650,404574,P-3386,B-879,295,8/7/21
5655,253208,P-743,B-133,1598,11/26/21
5656,429243,P-5838,B-2372,482,7/9/21
5666,344437,P-4048,B-1048,396,6/16/21
5667,174454,P-750,B-133,1591,3/8/21
5668,364396,P-12551,B-3350,899,7/21/21
5670,320546,P-3932,B-1016,107,6/9/21
5671,322862,P-9454,B-2440,6995,4/3/21
5674,125628,P-4898,B-3078,246,5/20/21
5682,278266,P-6111,B-1614,656,7/25/21
5683,249660,P-8869,B-2291,390,11/12/21
5689,326701,P-5788,B-3078,690,11/12/21
5691,106079,P-5002,B-1317,348,1/17/21
5696,427137,P-12420,B-3303,5993,10/16/21
5715,311375,P-6180,B-3078,440,5/3/21
5717,243402,P-4758,B-1260,480,11/29/21
5731,121956,P-7179,B-3078,952,3/19/21
5732,181383,P-9249,B-3078,826,2/8/21
5742,373998,P-3275,B-850,1495,12/28/21
5743,272949,P-7874,B-3078,391,12/20/21
5747,272949,P-2811,B-727,298,12/25/21
5755,304402,P-901,B-133,910,5/5/21
5758,471309,P-11097,B-378,399,3/24/21
5760,441989,P-7112,B-1895,277,4/7/21
5761,252509,P-5809,B-3078,89,7/2/21
5762,395780,P-2133,B-2372,488,4/12/21
5765,441989,P-10689,B-2807,441,8/6/21
5766,419000,P-12501,B-3338,3480,6/11/21
5777,292960,P-11901,B-3197,469,3/6/21
5786,272949,P-780,B-133,1589,5/5/21
5788,441002,P-11940,B-3197,297,3/11/21
5797,470029,P-708,B-133,1596,4/16/21
5803,355796,P-462,B-112,1394,5/3/21
5805,149136,P-10019,B-3078,694,10/10/21
5809,147600,P-11675,B-3132,891,1/1/22
5812,212793,P-4182,B-1081,239,11/17/21
5819,336301,P-8397,B-3078,1898,6/4/21
5822,494945,P-5983,B-1569,444,3/4/21
5828,210232,P-5655,B-1512,596,4/20/21
5829,336563,P-11636,B-3078,359,5/7/21
5830,118856,P-1434,B-253,1685,4/14/21
5832,444084,P-6523,B-3078,444,3/18/21
5835,473609,P-706,B-133,1591,9/28/21
5848,198864,P-7790,B-3078,2312,10/26/21
5859,450616,P-10939,B-2895,4519,6/21/21
5865,355150,P-6308,B-1645,1691,2/25/21
5866,288642,P-226,B-64,3396,11/24/21
5868,285958,P-5178,B-2679,3892,10/17/21
5870,160850,P-3227,B-3078,355,3/4/21
5872,194140,P-6183,B-3078,830,9/30/21
5877,334662,P-4384,B-3231,108,7/7/21
5881,416987,P-1626,B-3078,399,1/20/21
5883,203357,P-2471,B-3078,425,4/16/21
5886,123773,P-6666,B-3231,390,3/1/21
5892,210411,P-5379,B-1431,26567,7/16/21
5898,413445,P-7147,B-1906,488,12/30/21
5902,348642,P-2512,B-615,318,6/15/21
5910,277947,P-881,B-133,916,5/17/21
5912,308870,P-5516,B-1466,191,1/24/21
5913,169906,P-5743,B-1517,29186,10/8/21
5919,294896,P-6908,B-3078,793,8/28/21
5920,122361,P-5799,B-1519,793,1/24/21
5922,401006,P-10513,B-3078,998,4/28/21
5926,399396,P-1242,B-3078,161,11/22/21
5932,363761,P-8112,B-3078,497,8/6/21
5937,154659,P-8713,B-3078,220,10/23/21
5945,356989,P-4421,B-1160,1089,1/15/21
5948,437593,P-5015,B-1321,896,5/12/21
5949,400310,P-12396,B-3302,1792,1/18/21
5952,457607,P-9444,B-2435,183,8/2/21
5953,154765,P-1168,B-3078,348,11/28/21
5954,130019,P-5947,B-2679,291,9/24/21
5956,245480,P-1418,B-3078,219,7/11/21
5959,111422,P-1518,B-280,295,10/16/21
5969,446133,P-938,B-133,915,4/18/21
5970,148151,P-8462,B-2229,4207,9/8/21
5973,160856,P-1020,B-134,1838,6/15/21
5974,153845,P-4935,B-1303,990,10/28/21
5981,363275,P-4519,B-3078,1097,9/6/21
5982,180952,P-4139,B-1075,245,7/1/21
5983,121685,P-5450,B-1446,202,6/22/21
5984,121685,P-8543,B-2250,328,12/12/21
5985,266276,P-12153,B-3078,996,8/10/21
5989,332389,P-1760,B-375,2493,11/12/21
5994,145148,P-9393,B-3078,190,11/14/21
5997,441989,P-6921,B-2372,489,9/22/21
6003,363004,P-6729,B-1783,1089,2/22/21
6004,384454,P-4753,B-1260,475,8/16/21
6015,330582,P-9940,B-2604,396,11/10/21
6019,432026,P-9347,B-3078,199,5/30/21
6020,496482,P-817,B-133,1594,6/13/21
6025,330008,P-5237,B-3078,1489,10/10/21
6028,470412,P-9753,B-2540,420,11/16/21
6029,417032,P-1649,B-338,165,1/3/21
6032,421192,P-7403,B-3078,108,12/5/21
6040,415058,P-3531,B-3078,690,1/22/21
6042,135798,P-5490,B-1462,690,8/20/21
6045,169476,P-3803,B-3078,748,4/27/21
6051,299030,P-5329,B-1419,19023,4/23/21
6055,101576,P-6595,B-1736,896,10/23/21
6061,137178,P-1180,B-3078,3682,6/10/21
6062,121685,P-9619,B-2504,1491,12/6/21
6068,326975,P-7116,B-3078,1284,5/31/21
6075,293465,P-2212,B-3078,998,2/3/21
6076,225623,P-473,B-3078,395,2/17/21
6082,184805,P-4442,B-1169,192,10/14/21
6093,350825,P-968,B-133,1374,7/27/21
6096,319613,P-8309,B-2355,1699,9/18/21
6097,371681,P-11840,B-3185,1542,3/30/21
6107,425677,P-6501,B-1704,274,11/9/21
6110,348229,P-11711,B-3144,3492,10/31/21
6113,182689,P-12517,B-3342,1099,2/3/21
6114,492925,P-4622,B-1223,118,7/17/21
6115,388948,P-6329,B-3078,746,12/31/21
6124,283046,P-4861,B-1280,934,6/30/21
6126,210996,P-2414,B-3078,890,9/8/21
6133,421192,P-12388,B-3078,441,7/26/21
6140,446328,P-12166,B-3078,390,9/9/21
6141,188656,P-2261,B-2049,597,2/23/21
6155,107033,P-5747,B-1517,36230,6/4/21
6158,440507,P-6135,B-3078,449,8/24/21
6159,454919,P-3096,B-793,35285,2/2/21
6162,220985,P-9263,B-3078,270,12/29/21
6163,126276,P-3808,B-980,389,8/6/21
6175,218462,P-7633,B-2041,1116,7/16/21
6178,405629,P-4907,B-1295,169,7/6/21
6179,446381,P-6194,B-3078,831,10/7/21
6186,225300,P-3383,B-879,243,6/24/21
6196,373281,P-11851,B-3078,193,2/6/21
6200,362007,P-8790,B-2679,2593,1/29/21
6201,442294,P-3266,B-847,442,1/2/21
6202,260282,P-7889,B-2679,774,4/4/21
6212,454919,P-1605,B-3078,1794,8/27/21
6219,213306,P-2834,B-734,299,3/14/21
6221,380084,P-6429,B-1670,4311,5/3/21
6226,362079,P-5484,B-1459,221,8/2/21
6227,454919,P-3484,B-906,491,7/2/21
6233,493786,P-8995,B-2307,29750,6/29/21
6234,223996,P-2886,B-742,2335,4/18/21
6237,216576,P-10343,B-2737,1797,6/30/21
6238,421192,P-9804,B-3078,2186,6/16/21
6241,481443,P-10597,B-3078,794,4/20/21
6242,302734,P-11359,B-3016,390,1/1/22
6245,394332,P-1749,B-372,243,7/31/21
6246,487192,P-6333,B-1651,590,6/18/21
6248,438457,P-3763,B-966,1298,6/10/21
6253,390097,P-10550,B-2764,777,4/19/21
6256,367979,P-12187,B-378,319,4/23/21
6261,383982,P-4819,B-3078,475,4/21/21
6266,416744,P-11837,B-3078,791,5/2/21
6267,119980,P-2427,B-580,749,8/3/21
6270,393167,P-623,B-133,1594,9/17/21
6273,454393,P-8527,B-2247,492,8/25/21
6278,215756,P-7692,B-3078,712,2/21/21
6281,140635,P-4980,B-1315,260,12/6/21
6284,106670,P-5775,B-1517,12094,3/29/21
6285,464758,P-7016,B-1854,1128,9/24/21
6289,275574,P-12453,B-3315,252,10/4/21
6296,363580,P-8773,B-2260,680,8/8/21
6310,155330,P-11961,B-3197,373,1/9/21
6317,295408,P-3113,B-802,524,4/6/21
6319,223259,P-8728,B-3078,174,8/22/21
6323,378139,P-1032,B-3078,499,4/2/21
6329,362578,P-3510,B-909,443,1/15/21
6345,331260,P-2216,B-3078,1889,3/10/21
6346,173024,P-1271,B-3078,1741,5/16/21
6351,350339,P-6071,B-1595,298,11/20/21
6352,215879,P-6577,B-1730,597,5/12/21
6353,442677,P-8206,B-2679,1687,7/16/21
6354,475139,P-7531,B-3078,489,10/2/21
6356,144970,P-1564,B-303,735,7/30/21
6361,279961,P-6668,B-2201,246,7/22/21
6362,173024,P-5549,B-1477,994,11/7/21
6391,142228,P-3321,B-3078,1823,2/3/21
6394,474673,P-7092,B-1883,1516,10/20/21
6404,440532,P-11107,B-334,259,8/20/21
6405,186947,P-7789,B-2071,851,10/5/21
6408,138232,P-4900,B-3078,489,4/26/21
6413,321953,P-8000,B-2373,475,7/31/21
6417,477450,P-1373,B-239,567,3/27/21
6419,253766,P-8489,B-2238,787,6/14/21
6422,168871,P-3637,B-3078,1799,3/24/21
6423,426992,P-1206,B-191,1744,7/29/21
6425,209338,P-6102,B-1610,1898,4/12/21
6426,245329,P-7879,B-3078,495,10/16/21
6428,152013,P-9831,B-2571,489,4/15/21
6430,441890,P-3169,B-817,1093,4/1/21
6433,236784,P-5499,B-2679,589,7/5/21
6447,376600,P-8487,B-2236,368,2/28/21
6448,485254,P-8812,B-2274,3996,4/8/21
6451,376626,P-10794,B-2856,709,3/22/21
6459,328424,P-7014,B-1854,746,11/16/21
6460,318928,P-10431,B-2741,350,6/3/21
6463,122002,P-7648,B-3078,496,5/16/21
6466,483887,P-3594,B-928,231,8/13/21
6467,189254,P-9422,B-3231,95,6/1/21
6474,455032,P-5038,B-1328,498,1/6/21
6487,475991,P-12565,B-3352,4042,9/23/21
6489,329219,P-7580,B-2025,246,3/12/21
6495,446942,P-8685,B-3078,172,2/5/21
6504,412131,P-4464,B-1176,1846,12/1/21
6505,300103,P-4461,B-1176,1796,11/20/21
6506,213234,P-9945,B-3078,640,8/24/21
6507,223765,P-6633,B-3078,219,5/14/21
6514,388564,P-9058,B-2322,1797,12/9/21
6525,331988,P-4319,B-1118,3795,2/13/21
6530,199212,P-11683,B-3133,301,7/26/21
6533,195224,P-1884,B-405,35464,8/6/21
6538,157785,P-8384,B-2204,897,4/11/21
6539,234290,P-11977,B-3197,292,12/29/21
6550,200897,P-9811,B-2563,276,6/29/21
6554,492413,P-1384,B-242,1472,1/28/21
6556,157892,P-5245,B-3078,952,3/31/21
6557,330020,P-2765,B-3078,345,3/31/21
6558,363580,P-8968,B-2307,23124,7/30/21
6559,418893,P-10981,B-2914,397,9/8/21
6571,162883,P-8558,B-2250,321,9/27/21
6572,119702,P-4585,B-1214,995,6/8/21
6575,132532,P-5731,B-1517,38282,9/28/21
6578,138895,P-1969,B-2372,392,10/4/21
6582,453851,P-9172,B-2356,3053,2/8/21
6583,321514,P-4535,B-1198,222,10/29/21
6589,126578,P-11226,B-3078,121,8/8/21
6590,317179,P-7415,B-1991,493,1/27/21
6597,161348,P-8172,B-2154,989,3/23/21
6598,482318,P-8329,B-2355,1293,8/30/21
6600,476949,P-8046,B-3078,586,11/28/21
6601,343713,P-8228,B-2373,447,6/17/21
6606,453851,P-7074,B-3078,615,3/27/21
6612,356443,P-1464,B-3078,359,12/10/21
6617,107162,P-10709,B-2818,317,7/23/21
6619,335393,P-53,B-4,1391,11/17/21
6621,358100,P-4600,B-2679,733,2/10/21
6627,363580,P-6196,B-334,274,4/18/21
6630,317952,P-6571,B-3078,1395,7/5/21
6637,282048,P-9063,B-2323,208,8/16/21
6640,242169,P-2564,B-642,891,5/19/21
6641,272713,P-4565,B-2201,545,7/7/21
6645,460578,P-7042,B-1864,4700,10/2/21
6647,341907,P-10045,B-2643,1092,6/24/21
6650,269145,P-4171,B-3078,300,2/9/21
6655,415358,P-1782,B-3078,809,8/22/21
6659,213982,P-7834,B-2085,790,8/12/21
6662,242566,P-5734,B-1517,31596,1/30/21
6664,361843,P-5497,B-3078,317,7/22/21
6666,216341,P-4966,B-1312,691,2/5/21
6668,336589,P-10303,B-2722,1293,8/26/21
6669,165250,P-9882,B-3078,392,5/20/21
6671,209205,P-4514,B-3078,470,4/26/21
6673,494822,P-10158,B-2695,535,7/20/21
6676,483195,P-7513,B-3078,375,3/31/21
6677,200005,P-5778,B-1517,29924,7/11/21
6683,348934,P-11232,B-3078,98,10/28/21
6687,115515,P-11963,B-3197,184,1/12/21
6690,422847,P-2301,B-544,497,3/13/21
6695,209016,P-1757,B-373,293,3/16/21
6696,292485,P-2916,B-3078,1337,3/9/21
6698,212091,P-6992,B-3078,218,4/8/21
6702,203808,P-4743,B-1260,423,12/25/21
6705,300077,P-2045,B-3078,414,10/3/21
6706,114114,P-6397,B-1664,1493,6/6/21
6707,298290,P-3934,B-1017,2680,3/23/21
6709,159333,P-10953,B-2901,391,11/24/21
6710,219256,P-5280,B-1409,368,10/15/21
6711,265616,P-12030,B-3212,235,8/23/21
6716,171534,P-3815,B-2355,395,7/7/21
6718,231453,P-11412,B-3036,292,12/22/21
6720,103863,P-4219,B-1087,796,8/19/21
6721,489558,P-2732,B-711,1053,12/3/21
6722,277494,P-6479,B-1695,559,12/24/21
6730,421835,P-12475,B-3078,490,12/7/21
6731,484238,P-3068,B-2372,397,1/13/21
6734,259466,P-11484,B-3070,346,4/28/21
6736,230989,P-5710,B-1517,28846,6/18/21
6761,299544,P-7967,B-2119,544,6/1/21
6766,353202,P-1222,B-196,173,7/15/21
6775,159165,P-6520,B-3078,2384,12/18/21
6776,207823,P-12182,B-334,311,5/13/21
6777,222896,P-1374,B-240,871,7/13/21
6780,195687,P-6800,B-1810,340,3/13/21
6781,150500,P-12317,B-3078,277,5/1/21
6782,177515,P-6984,B-1842,188,8/30/21
6783,497433,P-10411,B-2741,449,5/2/21
6791,184932,P-9250,B-3078,820,1/25/21
6796,443334,P-5049,B-1331,588,2/22/21
6802,332439,P-3810,B-1690,199,7/10/21
6803,190574,P-6170,B-1627,102,10/8/21
6804,261354,P-11950,B-3197,153,6/9/21
6805,293549,P-12283,B-3273,190,4/6/21
6808,202615,P-5759,B-1517,27884,2/12/21
6811,141853,P-5340,B-1421,244,5/18/21
6824,318347,P-1015,B-133,1499,8/25/21
6829,182924,P-4860,B-1279,248,8/28/21
6835,132030,P-3582,B-921,1589,1/28/21
6837,430783,P-3962,B-1020,33954,3/9/21
6846,488099,P-792,B-133,1598,10/30/21
6853,143748,P-4589,B-1215,289,2/11/21
6858,423837,P-10483,B-2741,1045,11/1/21
6861,141496,P-5932,B-1561,194,2/12/21
6870,300283,P-5905,B-1554,894,9/30/21
6873,191929,P-300,B-80,539,3/20/21
6874,177724,P-9514,B-2462,390,10/7/21
6875,298869,P-8141,B-3078,395,11/26/21
6878,314741,P-11453,B-3054,541,2/7/21
6879,111710,P-2140,B-482,1092,9/22/21
6882,413583,P-9711,B-2355,244,4/3/21
6885,329334,P-6807,B-1813,547,4/24/21
6886,398189,P-4299,B-2372,497,8/26/21
6888,437707,P-2276,B-533,2164,8/7/21
6889,389062,P-6122,B-3078,599,8/19/21
6892,207147,P-9204,B-2370,1290,2/11/21
6895,453851,P-3739,B-3078,529,9/1/21
6900,406819,P-6822,B-3078,900,4/27/21
6916,420232,P-233,B-66,299,4/26/21
6919,437707,P-4363,B-3078,394,6/28/21
6925,168527,P-12065,B-3078,792,2/28/21
6929,488434,P-5249,B-1402,645,12/25/21
6938,344127,P-109,B-27,690,12/20/21
6941,105223,P-3317,B-857,991,11/10/21
6942,127355,P-9907,B-3078,542,3/22/21
6943,302617,P-9658,B-2512,1232,4/26/21
6946,157123,P-12197,B-3251,469,3/20/21
6949,181483,P-6049,B-1590,193,9/12/21
6950,495449,P-9353,B-3078,194,5/31/21
6952,317069,P-9432,B-2426,4995,1/9/21
6953,402959,P-11811,B-3175,418,2/1/21
6954,174313,P-4203,B-3078,891,9/10/21
6960,333970,P-11128,B-2948,1099,12/18/21
6961,190092,P-1847,B-405,26854,11/30/21
6963,171023,P-7574,B-2024,293,7/23/21
6964,280552,P-7794,B-3078,698,12/31/21
6969,331031,P-9858,B-2580,596,7/13/21
6975,174313,P-6769,B-1798,42,3/6/21
6976,130409,P-729,B-133,1594,3/18/21
6978,377866,P-8183,B-2165,69,12/30/21
6979,343987,P-9287,B-2399,292,8/21/21
6982,439808,P-8618,B-3078,294,6/10/21
6987,437707,P-5720,B-1517,30607,2/8/21
6988,137074,P-9656,B-2510,1499,6/18/21
6993,421033,P-8200,B-2168,198,3/12/21
6994,315158,P-8802,B-2271,370,10/2/21
6996,138082,P-4281,B-2355,400,12/24/21
7002,182108,P-5999,B-1574,496,11/7/21
7009,372814,P-211,B-3078,449,10/18/21
7017,373890,P-1330,B-221,793,10/29/21
7019,326622,P-5414,B-1444,994,6/12/21
7024,140595,P-6654,B-1749,311,5/31/21
7035,314870,P-3566,B-920,184,2/13/21
7040,307800,P-10696,B-3078,372,12/11/21
7041,365965,P-1790,B-390,398,8/23/21
7042,278476,P-6310,B-1645,1794,10/26/21
7052,299967,P-3747,B-959,596,5/1/21
7053,315876,P-12213,B-3260,544,12/22/21
7061,135582,P-8113,B-2142,1397,10/1/21
7062,411302,P-2904,B-747,9716,12/5/21
7067,227450,P-9616,B-2281,542,9/16/21
7071,396939,P-2894,B-505,495,11/15/21
7079,489460,P-12179,B-2355,313,6/24/21
7083,493432,P-3038,B-785,449,10/15/21
7084,227960,P-2220,B-3078,616,7/31/21
7088,339966,P-3825,B-984,591,3/15/21
7094,239160,P-8378,B-378,191,11/24/21
7096,201853,P-11551,B-2355,263,1/11/21
7099,397122,P-9712,B-3078,394,4/18/21
7100,122389,P-12545,B-3078,519,1/16/21
7104,174313,P-2437,B-586,474,3/1/21
7105,138418,P-7427,B-1993,5444,1/1/21
7112,433977,P-5970,B-1569,446,10/7/21
7115,387928,P-1106,B-165,241,7/21/21
7119,292474,P-8072,B-2132,1189,5/16/21
7122,292008,P-7416,B-1991,1195,11/30/21
7128,497216,P-6788,B-1808,694,1/31/21
7131,311618,P-6011,B-3078,600,3/9/21
7144,439183,P-9053,B-2320,590,8/21/21
7147,208642,P-11972,B-3197,27735,3/8/21
7160,233522,P-10082,B-3078,189,2/14/21
7165,105000,P-4014,B-1033,246,10/21/21
7169,148759,P-4838,B-2679,314,8/12/21
7172,246565,P-10677,B-2801,689,7/16/21
7176,264965,P-1113,B-166,1293,8/21/21
7178,246388,P-5010,B-3078,299,9/4/21
7190,250101,P-826,B-133,1590,4/12/21
7194,413613,P-3060,B-788,493,12/8/21
7206,314472,P-7558,B-19,792,6/22/21
7207,189358,P-3902,B-3078,1313,1/8/21
7212,125721,P-8038,B-3078,314,1/30/21
7217,407553,P-2876,B-3078,244,9/1/21
7219,113059,P-6831,B-1819,350,4/22/21
7220,372030,P-8883,B-2300,778,10/29/21
7224,428164,P-5342,B-1421,497,5/23/21
7227,346438,P-9071,B-2325,490,4/23/21
7235,232602,P-3522,B-3078,1789,6/7/21
7236,290344,P-1834,B-405,32224,6/29/21
7237,253762,P-858,B-133,917,6/15/21
7252,377254,P-2948,B-751,27820,3/31/21
7255,284139,P-9108,B-3078,394,6/15/21
7259,253762,P-6481,B-1695,1113,12/10/21
7260,131164,P-4832,B-3078,999,5/12/21
7267,254966,P-1110,B-165,240,1/20/21
7270,165279,P-3040,B-786,1259,1/17/21
7271,472846,P-5337,B-1421,397,6/19/21
7273,440001,P-4101,B-1055,247,12/16/21
7274,107754,P-3555,B-3078,512,9/16/21
7280,148759,P-4120,B-1065,393,6/21/21
7288,270761,P-523,B-127,373,12/6/21
7296,290334,P-10663,B-2797,192,10/15/21
7297,406489,P-1971,B-3078,493,6/10/21
7302,333474,P-6164,B-3078,979,3/29/21
7305,406489,P-11218,B-2372,471,1/19/21
7308,466893,P-6810,B-2679,472,11/28/21
7318,328108,P-1517,B-3078,396,7/28/21
7319,239507,P-2062,B-3078,389,10/19/21
7325,397205,P-7009,B-1851,297,4/1/21
7327,406468,P-2442,B-588,4491,6/12/21
7329,257587,P-10010,B-2626,476,1/29/21
7333,359127,P-9818,B-2564,30778,5/2/21
7334,174071,P-756,B-133,1593,4/17/21
7336,390466,P-2779,B-3078,717,8/17/21
7357,445605,P-9154,B-2347,2037,12/8/21
7367,145713,P-215,B-3078,1186,1/31/21
7369,243911,P-11884,B-3197,791,7/31/21
7370,468794,P-4216,B-3078,586,11/4/21
7372,474478,P-6608,B-2355,305,10/30/21
7376,182859,P-4842,B-3078,444,8/11/21
7378,120158,P-11243,B-3078,1598,7/26/21
7384,132448,P-12387,B-449,142,8/5/21
7386,293569,P-4272,B-2372,447,11/27/21
7388,323257,P-1758,B-374,221,2/17/21
7389,138105,P-11882,B-3197,479,5/26/21
7390,392628,P-5143,B-1365,545,12/18/21
7400,293550,P-8043,B-3078,448,5/21/21
7401,432323,P-10468,B-2741,871,6/26/21
7405,100019,P-1419,B-249,340,2/18/21
7410,267802,P-3417,B-882,1289,10/13/21
7415,452948,P-5194,B-2372,1392,11/10/21
7420,215558,P-12318,B-3078,311,5/30/21
7428,429784,P-8087,B-2136,190,11/10/21
7430,389606,P-4608,B-1222,993,9/19/21
7432,239860,P-8587,B-3078,198,11/27/21
7438,438665,P-9338,B-3078,196,11/27/21
7443,426799,P-9460,B-2444,1492,2/3/21
7444,467960,P-11070,B-2937,547,10/30/21
7450,470652,P-5627,B-1499,1627,8/20/21
7452,434697,P-5939,B-3078,896,12/2/21
7457,458600,P-9740,B-2538,1167,10/26/21
7458,406489,P-2949,B-751,26992,7/17/21
7463,326410,P-4331,B-3078,293,11/1/21
7468,244078,P-9535,B-1805,269,7/11/21
7476,293309,P-2914,B-3078,359,4/23/21
7477,448331,P-6138,B-3078,690,5/3/21
7479,301343,P-3044,B-786,310,11/17/21
7486,426409,P-6020,B-3078,1593,5/14/21
7493,387184,P-6650,B-1748,791,3/15/21
7497,361471,P-2305,B-546,796,8/28/21
7499,162228,P-5167,B-2372,1590,10/16/21
7500,167371,P-6808,B-3078,7227,11/25/21
7503,275240,P-3679,B-945,490,8/11/21
7504,224918,P-3086,B-793,60833,8/30/21
7509,261513,P-11739,B-3152,447,1/21/21
7513,118989,P-1850,B-405,26677,12/20/21
7519,200489,P-2391,B-2355,176,11/24/21
7525,325376,P-7466,B-2000,159,8/1/21
7527,368709,P-1777,B-2679,1892,11/16/21
7529,209696,P-10028,B-3078,1166,9/7/21
7530,207245,P-11723,B-3149,442,9/10/21
7531,323864,P-349,B-88,190,3/4/21
7532,361888,P-10718,B-2821,349,5/30/21
7533,424274,P-1053,B-148,247,11/19/21
7534,338593,P-4629,B-3078,997,6/8/21
7538,101108,P-312,B-86,824,5/3/21
7542,423898,P-4883,B-1288,1394,9/30/21
7543,101108,P-11500,B-3078,595,7/10/21
7548,423536,P-6193,B-3078,903,2/26/21
7549,138107,P-12339,B-3078,899,11/8/21
7552,341563,P-2470,B-599,19236,8/19/21
7553,301021,P-6436,B-3078,951,2/17/21
7555,196977,P-3482,B-3078,718,10/31/21
7556,244078,P-15,B-2666,333,8/26/21
7559,345910,P-8164,B-2151,292,8/8/21
7571,291254,P-12043,B-3215,3018,9/5/21
7575,120809,P-7370,B-1979,469,1/25/21
7577,462104,P-9631,B-2504,1498,7/8/21
7582,338814,P-3157,B-813,291,7/10/21
7589,171829,P-2457,B-2680,496,8/27/21
7590,361067,P-6813,B-1815,1896,1/16/21
7592,327342,P-2505,B-3078,359,4/7/21
7623,406634,P-8027,B-3078,454,10/23/21
7630,256307,P-12271,B-3271,709,4/15/21
7638,116308,P-11086,B-2201,268,9/3/21
7640,406227,P-10406,B-2741,717,5/3/21
7641,328682,P-2641,B-3078,8544,3/6/21
7642,225165,P-7011,B-1853,691,5/28/21
7644,139332,P-8263,B-3078,1386,3/26/21
7652,186555,P-5308,B-1417,409,2/26/21
7653,406227,P-2714,B-3078,492,7/2/21
7656,200489,P-10438,B-2741,357,7/10/21
7660,228374,P-12498,B-3337,448,10/8/21
7662,359603,P-4340,B-3078,783,10/15/21
7672,372693,P-5875,B-1536,209,6/5/21
7673,200489,P-3136,B-810,790,10/27/21
7674,450123,P-3198,B-825,993,6/30/21
7677,406227,P-6337,B-1654,2960,1/1/21
7685,271654,P-11525,B-3079,594,7/19/21
7686,257343,P-1033,B-3078,489,11/8/21
7687,106044,P-1498,B-276,897,11/15/21
7688,369332,P-11949,B-3197,642,12/5/21
7689,200489,P-7756,B-3078,277,2/12/21
7691,390050,P-10389,B-2741,588,11/1/21
7692,112359,P-1767,B-379,369,2/24/21
7695,141105,P-12085,B-3222,194,1/29/21
7696,115440,P-1549,B-294,499,4/4/21
7698,119771,P-2098,B-468,692,8/14/21
7707,477342,P-5641,B-3078,345,8/23/21
7708,149886,P-9826,B-2567,265,1/19/21
7710,398993,P-9486,B-2451,387,8/1/21
7711,342457,P-1127,B-169,498,1/22/21
7714,414128,P-6406,B-3078,429,12/14/21
7718,242775,P-4954,B-1309,2821,8/21/21
7722,316931,P-10926,B-2895,1890,11/12/21
7728,334263,P-134,B-3078,849,5/13/21
7733,189075,P-5394,B-1438,696,4/7/21
7734,230260,P-3342,B-863,594,5/27/21
7736,420333,P-11869,B-3192,529,5/4/21
7741,165509,P-3861,B-3078,797,6/5/21
7742,102072,P-6468,B-1685,1295,12/28/21
7746,395328,P-5196,B-1378,341,3/22/21
7747,289681,P-7899,B-2106,1480,2/10/21
7749,451245,P-11515,B-3076,416,5/26/21
7754,176202,P-2511,B-615,289,4/24/21
7757,316623,P-7349,B-1970,892,12/1/21
7764,123696,P-9151,B-2344,1252,9/27/21
7766,286409,P-1489,B-272,497,2/10/21
7779,252542,P-4706,B-1252,415,12/10/21
7786,102072,P-6376,B-3078,991,3/15/21
7787,422138,P-10012,B-2627,797,8/27/21
7790,123581,P-5003,B-1318,3495,9/12/21
7799,329381,P-11925,B-3197,401,6/19/21
7807,276388,P-11051,B-3078,563,3/30/21
7808,280185,P-11285,B-2984,1909,7/3/21
7810,282854,P-7570,B-3078,791,4/21/21
7814,347893,P-11390,B-3078,641,10/29/21
7815,433591,P-3824,B-983,242,8/13/21
7816,334263,P-1644,B-3078,468,8/10/21
7818,489535,P-11575,B-3094,342,9/6/21
7824,154119,P-2639,B-664,645,10/22/21
7842,182413,P-5502,B-1465,596,5/13/21
7848,367871,P-7617,B-3078,391,10/16/21
7849,237936,P-6752,B-1793,374,6/11/21
7850,459297,P-7672,B-3078,242,2/16/21
7854,212532,P-35,B-1,1455,5/14/21
7857,409324,P-5847,B-1526,1744,8/1/21
7871,323781,P-8965,B-2307,25960,9/13/21
7872,333370,P-6689,B-378,396,11/16/21
7874,133031,P-5531,B-1470,1292,12/20/21
7877,176644,P-4530,B-3078,740,2/9/21
7879,291284,P-9078,B-2326,25699,7/12/21
7885,237936,P-4741,B-1260,475,7/29/21
7886,223478,P-10776,B-2847,689,4/20/21
7887,302481,P-10435,B-2741,352,8/15/21
7889,474122,P-11644,B-3123,442,9/9/21
7894,135168,P-3870,B-3078,995,1/9/21
7901,345446,P-9007,B-2307,20861,3/15/21
7915,213370,P-9505,B-2459,545,7/1/21
7920,123679,P-12045,B-3215,1330,11/3/21
7926,196171,P-2097,B-467,595,10/24/21
7927,127268,P-11543,B-3082,392,5/17/21
7930,237936,P-4817,B-1270,5943,12/19/21
7933,485271,P-2175,B-495,698,9/28/21
7934,161539,P-10499,B-3078,246,7/22/21
7948,171267,P-1661,B-3078,493,3/15/21
7953,468173,P-8937,B-2307,16359,6/2/21
7957,223550,P-6391,B-2679,597,3/5/21
7960,207175,P-4378,B-1140,944,1/22/21
7963,430292,P-11363,B-3017,1616,9/1/21
7964,470716,P-6450,B-1681,1364,2/21/21
7985,203824,P-6366,B-2372,490,4/27/21
7996,241932,P-5106,B-3078,757,2/19/21
7999,243434,P-5014,B-2372,779,5/12/21
8004,280413,P-1466,B-3078,241,5/21/21
8013,212140,P-3207,B-3078,495,8/11/21
8015,324599,P-1679,B-3078,594,10/22/21
8017,430088,P-3841,B-3078,396,5/10/21
8019,106160,P-1497,B-276,697,8/21/21
8021,479587,P-774,B-133,1596,1/5/21
8026,136793,P-4515,B-2373,393,5/12/21
8035,174974,P-2025,B-438,1198,1/3/21
8041,205800,P-6321,B-1647,640,4/15/21
8043,235115,P-3907,B-1008,394,6/17/21
8044,485861,P-7467,B-2000,199,8/21/21
8046,234130,P-3422,B-884,907,3/6/21
8049,303668,P-11402,B-3033,192,5/15/21
8050,430088,P-3453,B-897,549,8/23/21
8058,195589,P-3270,B-2373,497,3/3/21
8060,315307,P-12214,B-3260,748,5/20/21
8062,329861,P-1633,B-331,842,3/25/21
8070,157994,P-3009,B-772,1138,3/31/21
8079,239921,P-10163,B-2695,534,5/2/21
8081,199143,P-9406,B-2416,890,4/22/21
8088,183437,P-9776,B-2548,17990,10/16/21
8092,414218,P-6025,B-3078,1592,11/23/21
8095,169260,P-12290,B-3274,332,11/5/21
8096,430088,P-8088,B-2136,193,11/4/21
8102,194866,P-5048,B-3078,349,6/16/21
8103,394884,P-6565,B-1726,3292,8/22/21
8106,406583,P-622,B-133,1594,1/4/21
8115,433086,P-6554,B-3078,572,8/6/21
8116,330144,P-2357,B-560,492,11/3/21
8119,428625,P-12170,B-3246,299,9/9/21
8120,126395,P-7631,B-2039,991,1/22/21
8121,475707,P-9488,B-2451,650,11/21/21
8123,388140,P-1412,B-247,6500,5/13/21
8128,278561,P-5705,B-1517,21812,12/26/21
8149,138445,P-5496,B-3078,321,10/31/21
8150,320537,P-12419,B-3303,1695,2/19/21
8152,478650,P-9995,B-2619,530,5/12/21
8162,355042,P-6408,B-1666,983,7/9/21
8163,476968,P-1656,B-340,8190,5/2/21
8164,499481,P-2079,B-462,273,10/6/21
8166,278623,P-11438,B-3049,493,7/13/21
8172,445813,P-7676,B-3078,494,6/1/21
8173,271320,P-10264,B-3078,947,2/12/21
8176,327841,P-3719,B-3078,546,11/19/21
8180,110698,P-4567,B-1211,479,12/26/21
8184,445980,P-5005,B-3078,291,4/2/21
8197,339578,P-3672,B-942,295,4/20/21
8198,150471,P-9391,B-3078,197,6/12/21
8203,337230,P-10016,B-2630,597,12/29/21
8210,389994,P-7317,B-1958,956,10/26/21
8215,431078,P-11305,B-2992,3450,9/6/21
8216,267024,P-678,B-133,1597,5/15/21
8223,203024,P-8604,B-3078,297,10/26/21
8225,363874,P-11833,B-3182,1043,10/8/21
8227,447351,P-8954,B-2307,26267,4/19/21
8236,117612,P-11211,B-2959,399,4/12/21
8239,430990,P-6550,B-3078,895,2/16/21
8242,386956,P-3709,B-3078,244,1/28/21
8246,176303,P-10053,B-3078,694,8/25/21
8249,367079,P-3292,B-3078,341,6/7/21
8250,145447,P-2662,B-3078,394,2/8/21
8254,299585,P-11391,B-3027,385,6/10/21
8257,164049,P-118,B-30,597,6/17/21
8262,352301,P-3265,B-3078,392,9/26/21
8265,182973,P-7795,B-3078,418,1/1/22
8266,459446,P-9370,B-3078,194,2/19/21
8267,422346,P-3143,B-810,541,1/20/21
8270,274441,P-7439,B-1994,1242,8/25/21
8271,146691,P-4744,B-1260,471,2/5/21
8273,377772,P-9100,B-3078,378,1/2/21
8278,323396,P-1858,B-405,20413,4/13/21
8279,114139,P-669,B-133,1594,12/20/21
8280,168413,P-3975,B-1020,30758,6/16/21
8282,191464,P-5749,B-1517,26229,12/22/21
8283,210924,P-6455,B-3078,1070,4/4/21
8284,167507,P-7000,B-3078,693,3/2/21
8288,130711,P-9876,B-2586,541,11/20/21
8289,249260,P-9399,B-3078,197,5/4/21
8292,475009,P-7583,B-2026,17814,6/3/21
8297,276905,P-274,B-78,299,4/27/21
8298,363156,P-12044,B-3215,2062,9/19/21
8302,129887,P-9530,B-2463,8897,9/18/21
8304,218557,P-6621,B-1739,238,8/20/21
8306,311591,P-9917,B-2599,743,5/1/21
8307,340923,P-7140,B-3078,1999,2/17/21
8308,300911,P-10581,B-3078,1049,4/29/21
8319,448592,P-9886,B-3078,345,2/3/21
8324,373282,P-2122,B-3078,396,5/3/21
8326,240033,P-2328,B-3078,272,8/27/21
8329,480250,P-9453,B-2439,217,12/22/21
8333,403342,P-7358,B-1973,594,8/7/21
8334,259775,P-6497,B-1703,8993,6/29/21
8354,333289,P-6445,B-3078,981,10/9/21
8361,253104,P-8,B-3078,546,12/1/21
8362,162282,P-6392,B-3078,1611,5/17/21
8363,455935,P-11680,B-3078,591,6/2/21
8365,241522,P-9408,B-3078,391,2/17/21
8366,437766,P-11796,B-3172,695,10/31/21
8369,351066,P-6964,B-3078,722,7/12/21
8370,253616,P-5768,B-1517,35994,5/27/21
8373,433271,P-5738,B-1517,124,9/2/21
8380,425177,P-1446,B-2372,371,2/12/21
8381,384190,P-4113,B-1062,467,2/3/21
8390,407537,P-5521,B-1466,243,1/26/21
8392,292253,P-3276,B-850,1692,9/28/21
8393,458706,P-12298,B-378,16998,12/11/21
8399,409213,P-7072,B-3078,830,10/21/21
8404,391568,P-5779,B-1517,26445,9/17/21
8405,162282,P-9716,B-2530,293,9/25/21
8417,217060,P-9012,B-2307,39201,6/7/21
8420,166682,P-4492,B-3078,491,8/15/21
8422,134803,P-9181,B-2362,590,6/22/21
8426,326334,P-12526,B-3078,1344,6/22/21
8428,466243,P-7044,B-1866,170,7/21/21
8429,305694,P-2222,B-3078,680,4/22/21
8431,343906,P-1903,B-405,17105,3/22/21
8437,191791,P-3909,B-3078,465,5/14/21
8439,113123,P-2385,B-3078,566,11/4/21
8440,303150,P-444,B-101,72,11/12/21
8455,384288,P-5789,B-3078,290,8/23/21
8464,354027,P-10364,B-2741,455,9/23/21
8471,308633,P-8443,B-3078,233,9/6/21
8475,498501,P-6276,B-2373,346,2/24/21
8477,428379,P-1731,B-362,1114,2/28/21
8483,103229,P-12337,B-3283,596,9/4/21
8490,134733,P-2438,B-587,7790,8/2/21
8497,483037,P-1940,B-414,475,10/5/21
8499,266512,P-2279,B-2372,470,1/27/21
8502,274103,P-12371,B-3292,493,7/14/21
8503,379823,P-1388,B-3078,597,4/3/21
8506,261322,P-7913,B-2111,997,3/21/21
8510,255866,P-1573,B-309,485,4/14/21
8521,321698,P-3591,B-925,2645,3/11/21
8523,336035,P-7803,B-2074,499,1/18/21
8524,412079,P-12506,B-3339,710,8/25/21
8530,177907,P-8432,B-2281,323,8/31/21
8531,231923,P-7807,B-681,124,8/7/21
8535,339934,P-6715,B-1773,284,4/12/21
8550,440146,P-3201,B-3078,390,12/1/21
8551,126184,P-4214,B-1086,1142,10/20/21
8555,139648,P-2808,B-725,746,11/15/21
8559,342164,P-2660,B-672,391,7/15/21
8567,117467,P-3019,B-3078,125,5/21/21
8570,281377,P-6708,B-1771,97,12/17/21
8572,281654,P-10896,B-2891,1493,10/27/21
8580,408661,P-4858,B-1278,189,7/15/21
8582,247340,P-8233,B-2372,413,5/15/21
8595,283984,P-2455,B-3078,498,6/1/21
8597,136117,P-4835,B-1273,945,11/24/21
8598,296510,P-3105,B-798,832,9/27/21
8602,306370,P-10963,B-2907,397,10/30/21
8603,199677,P-11838,B-3185,1845,11/4/21
8621,308546,P-5937,B-1564,1845,10/5/21
8623,111574,P-2059,B-3078,393,6/6/21
8626,108274,P-9772,B-2547,1491,2/5/21
8629,144409,P-793,B-133,1348,2/4/21
8633,478899,P-12205,B-3078,449,3/1/21
8635,191532,P-3405,B-879,243,9/27/21
8636,160891,P-346,B-88,195,7/7/21
8640,253385,P-6706,B-3078,792,9/23/21
8642,122358,P-304,B-80,576,1/28/21
8643,153636,P-2561,B-3078,996,1/11/21
8656,310967,P-11557,B-3086,998,11/20/21
8658,249704,P-1170,B-3078,197,6/8/21
8661,162282,P-8871,B-3078,665,1/18/21
8675,278237,P-2343,B-557,1563,2/4/21
8676,136300,P-12449,B-3314,549,11/2/21
8678,270361,P-3508,B-909,3189,9/9/21
8681,193670,P-9663,B-2515,299,5/29/21
8683,382537,P-455,B-108,791,2/25/21
8690,232989,P-1375,B-240,965,6/14/21
8693,137859,P-4165,B-3078,1873,11/12/21
8696,333598,P-3313,B-855,1191,7/21/21
8700,474218,P-11689,B-3078,2489,1/17/21
8701,219036,P-559,B-133,1595,1/29/21
8703,395082,P-5656,B-1512,599,1/27/21
8704,232989,P-5474,B-3078,691,1/31/21
8707,211565,P-6186,B-3078,746,12/28/21
8712,178001,P-5108,B-1353,492,12/28/21
8715,162282,P-8514,B-2245,2096,11/9/21
8725,482141,P-11119,B-2945,793,3/14/21
8727,232989,P-5392,B-1437,797,3/5/21
8732,464972,P-741,B-133,1595,2/8/21
8740,236885,P-664,B-133,1591,10/25/21
8747,354726,P-8254,B-3078,536,9/11/21
8751,126570,P-1009,B-133,1371,3/5/21
8770,233390,P-4411,B-1151,292,5/27/21
8773,111765,P-7431,B-1993,7547,1/5/21
8779,162282,P-9017,B-2307,21911,7/11/21
8781,303029,P-4699,B-1247,1299,4/10/21
8789,179691,P-12058,B-3218,2141,7/27/21
8793,220798,P-2043,B-3078,953,3/8/21
8795,400482,P-10003,B-3078,554,6/7/21
8796,438721,P-4215,B-3078,585,9/18/21
8799,117379,P-6281,B-3078,2048,6/23/21
8803,222196,P-5884,B-1542,541,1/15/21
8808,200894,P-2292,B-397,385,5/1/21
8809,130617,P-3540,B-911,246,1/1/21
8812,216383,P-911,B-133,910,4/29/21
8815,392831,P-7028,B-3078,1881,12/22/21
8819,493166,P-3708,B-2679,492,3/17/21
8820,208521,P-590,B-133,1596,1/1/21
8824,316959,P-12288,B-3274,341,5/27/21
8827,312783,P-833,B-133,1343,12/16/21
8829,437983,P-8997,B-2307,25224,2/27/21
8833,411988,P-10839,B-3078,411,6/3/21
8834,478515,P-7457,B-2000,154,5/10/21
8839,217483,P-11463,B-3060,712,11/24/21
8840,312783,P-5973,B-1569,450,10/31/21
8846,394108,P-10654,B-3078,1889,8/29/21
8850,476916,P-3457,B-898,593,8/29/21
8854,242009,P-10025,B-2373,446,6/21/21
8855,459148,P-7067,B-1878,299,12/14/21
8858,160288,P-3448,B-894,393,8/18/21
8859,214090,P-6294,B-1645,1699,1/23/21
8863,232989,P-5505,B-1466,292,10/3/21
8865,347318,P-9718,B-2530,295,11/18/21
8884,480882,P-4095,B-3078,1241,1/8/21
377,177907,P-5391,B-3078,897,11/21/21
125,231923,P-715,B-133,1594,12/19/21
1222,339934,P-5860,B-3078,649,4/13/21
1380,440146,P-920,B-133,919,4/12/21
577,126184,P-220,B-63,944,8/10/21
4150,139648,P-11026,B-2925,696,6/27/21
795,342164,P-975,B-133,1380,1/12/21
409,117467,P-10928,B-2895,1311,2/24/21
15651,281377,P-11057,B-3078,439,6/7/21
889,281654,P-12082,B-3078,194,11/23/21
126,408661,P-12399,B-3302,1795,10/15/21
200,247340,P-2184,B-502,592,2/24/21
872,283984,P-12211,B-3259,643,6/9/21
683,136117,P-4213,B-3078,4493,1/30/21
12853,296510,P-1339,B-222,61791,4/23/21
895,306370,P-12367,B-3289,194,6/29/21
825,199677,P-4084,B-1052,240,12/5/21
84212,308546,P-11612,B-3115,295,7/24/21
138,111574,P-7086,B-3078,447,3/11/21
70979,392831,P-4231,B-1092,239,11/24/21
30123,493166,P-8389,B-2204,478,3/8/21
3961,208521,P-8412,B-2214,1688,2/28/21
769,466243,P-7061,B-3078,545,9/6/21
682,305694,P-3258,B-3078,306,2/19/21
425,343906,P-4296,B-1113,997,3/19/21
694,191791,P-11997,B-3200,441,2/26/21
857,493166,P-10534,B-3078,7069,3/29/21
892,493166,P-8976,B-2307,30314,7/7/21
242,493166,P-12457,B-3317,854,11/2/21
12665,493166,P-2907,B-3078,352,6/8/21
661,493166,P-5590,B-1485,1463,11/2/21
863,392831,P-12313,B-3078,317,5/18/21
525,493166,P-3239,B-844,1297,4/24/21
495,208521,P-3344,B-863,540,8/26/21
627,459446,P-6200,B-2281,247,5/9/21
799,459446,P-1389,B-3078,1093,1/20/21
51724,459446,P-9579,B-3078,501,12/27/21
858,466243,P-7911,B-3078,354,8/26/21
752,305694,P-1179,B-3078,1009,3/31/21
27024,343906,P-1281,B-210,734,11/15/21
429,191791,P-7191,B-1925,294,1/29/21
719,146691,P-5233,B-2373,1389,12/12/21
544,146691,P-2725,B-707,324,8/13/21
553,146691,P-9218,B-2370,698,9/15/21
63624,146691,P-7769,B-2066,838,10/7/21
117,182973,P-12476,B-3329,445,10/5/21
562,459446,P-4807,B-3078,199,10/28/21
869,422346,P-7838,B-3078,623,1/7/21
343,274441,P-10938,B-2895,1229,9/15/21
630,146691,P-7688,B-3078,894,11/27/21
568,377772,P-5899,B-1552,2991,6/16/21
207,323396,P-2618,B-661,497,10/4/21
641,114139,P-3234,B-842,480,11/22/21
520,361471,P-5943,B-3078,997,8/12/21
650,361471,P-11396,B-3078,945,3/27/21
204,361471,P-3115,B-802,160,10/3/21
150,361471,P-3315,B-856,2140,10/20/21
18012,361471,P-11593,B-3105,1093,7/6/21
1802,327841,P-8967,B-2307,32975,11/12/21
879,327841,P-9388,B-3078,193,7/24/21
122,327841,P-6859,B-3078,987,12/4/21
669,445813,P-3928,B-3078,396,12/20/21
45460,271320,P-12059,B-3219,12311,3/10/21
136,327841,P-12386,B-1686,143,8/8/21
665,110698,P-10878,B-2888,140,7/23/21
14232,445980,P-1122,B-167,255,8/3/21
205,339578,P-7684,B-3078,710,3/28/21
283,323257,P-2591,B-651,169,2/11/21
620,323257,P-7972,B-2121,1194,1/18/21
215,323257,P-8671,B-3078,224,2/6/21
181,323257,P-2047,B-3078,1512,10/24/21
763,323257,P-7229,B-3078,712,9/14/21
853,301343,P-8783,B-2265,165,11/26/21
184,426409,P-6827,B-3078,697,9/12/21
644,387184,P-9226,B-2374,261,1/24/21
743,361471,P-4830,B-1271,1124,10/3/21
594,162228,P-10540,B-3078,259,3/19/21
679,167371,P-9543,B-2469,1193,10/8/21
170,275240,P-4223,B-1089,1524,2/28/21
269,339578,P-3306,B-3078,359,7/9/21
35224,339578,P-9182,B-2363,644,12/23/21
829,339578,P-12445,B-3311,343,5/28/21
868,339578,P-7424,B-1993,2490,7/8/21
171,339578,P-9627,B-2504,1497,3/19/21
287,174071,P-3327,B-860,241,11/9/21
765,390466,P-3960,B-1020,28485,8/26/21
142,445605,P-10005,B-2624,209,11/27/21
352,145713,P-12241,B-3078,275,4/11/21
517,243911,P-10401,B-2741,422,5/25/21
681,468794,P-11022,B-2924,1493,1/6/21
747,474478,P-829,B-133,1348,3/25/21
842,182859,P-4347,B-1129,297,7/21/21
6983,120158,P-9961,B-2608,1185,9/25/21
497,132448,P-5444,B-1444,2250,7/10/21
609,293569,P-8925,B-2307,34342,9/27/21
5343,323257,P-5859,B-3078,748,4/28/21
123,138105,P-7891,B-2679,843,6/18/21
645,392628,P-4346,B-1129,291,8/8/21
34434,293550,P-5288,B-2679,975,3/15/21
534,432323,P-8870,B-2292,741,8/16/21
586,100019,P-10672,B-3078,1590,2/12/21
659,267802,P-2134,B-479,995,1/14/21
341,432323,P-724,B-133,1598,5/31/21
572,432323,P-1154,B-174,397,12/22/21
2115,168413,P-2610,B-659,291,5/30/21
1813,191464,P-6802,B-1810,792,1/23/21
7635,210924,P-4452,B-3078,837,7/23/21
85333,167507,P-8454,B-3078,470,4/14/21
1847,130711,P-5597,B-1487,746,12/28/21
16448,249260,P-8398,B-3078,1798,1/9/21
7437,475009,P-10744,B-2830,955,12/7/21
5946,249260,P-4042,B-1045,21770,12/6/21
6790,249260,P-360,B-88,199,7/30/21
1702,249260,P-5086,B-1347,2470,2/6/21
26934,330144,P-612,B-133,1348,3/10/21
8189,428625,P-4404,B-1148,441,12/6/21
1269,126395,P-5783,B-1517,28100,9/3/21
2001,475707,P-3911,B-3078,1563,8/15/21
8723,388140,P-15000,B-1,1486,4/7/21